Watching for file changes with StatReloader
Error: That port is already in use.
Watching for file changes with StatReloader
Error: That port is already in use.
Watching for file changes with StatReloader
Error: That port is already in use.
Watching for file changes with StatReloader
Error: That port is already in use.
Watching for file changes with StatReloader
Error: That port is already in use.
Watching for file changes with StatReloader
Error: That port is already in use.
Watching for file changes with StatReloader
Error: That port is already in use.
Watching for file changes with StatReloader
Error: That port is already in use.
Watching for file changes with StatReloader
Error: That port is already in use.
Watching for file changes with StatReloader
Error: That port is already in use.
Watching for file changes with StatReloader
Error: That port is already in use.
Watching for file changes with StatReloader
Error: That port is already in use.
Watching for file changes with StatReloader
Error: That port is already in use.
Watching for file changes with StatReloader
Error: That port is already in use.
Watching for file changes with StatReloader
Error: That port is already in use.
Watching for file changes with StatReloader
Error: That port is already in use.
Watching for file changes with StatReloader
Error: That port is already in use.
Watching for file changes with StatReloader
Error: That port is already in use.
Watching for file changes with StatReloader
Error: That port is already in use.
Watching for file changes with StatReloader
Error: That port is already in use.
Watching for file changes with StatReloader
Error: That port is already in use.
Watching for file changes with StatReloader
Error: That port is already in use.
Watching for file changes with StatReloader
Error: That port is already in use.
Watching for file changes with StatReloader
Error: That port is already in use.
Watching for file changes with StatReloader
Error: That port is already in use.
Watching for file changes with StatReloader
Error: That port is already in use.
Watching for file changes with StatReloader
Error: That port is already in use.
Watching for file changes with StatReloader
Error: That port is already in use.
Watching for file changes with StatReloader
Error: That port is already in use.
Watching for file changes with StatReloader
Error: That port is already in use.
Watching for file changes with StatReloader
Error: That port is already in use.
Watching for file changes with StatReloader
Error: That port is already in use.
Watching for file changes with StatReloader
Error: That port is already in use.
Watching for file changes with StatReloader
Error: That port is already in use.
Watching for file changes with StatReloader
Error: That port is already in use.
Watching for file changes with StatReloader
Error: That port is already in use.
Watching for file changes with StatReloader
Error: That port is already in use.
Watching for file changes with StatReloader
Error: That port is already in use.
Watching for file changes with StatReloader
Error: That port is already in use.
Watching for file changes with StatReloader
Error: That port is already in use.
Watching for file changes with StatReloader
Error: That port is already in use.
Watching for file changes with StatReloader
Error: That port is already in use.
Watching for file changes with StatReloader
Error: That port is already in use.
Watching for file changes with StatReloader
Error: That port is already in use.
Watching for file changes with StatReloader
Error: That port is already in use.
Watching for file changes with StatReloader
Error: That port is already in use.
Watching for file changes with StatReloader
Error: That port is already in use.
Watching for file changes with StatReloader
Error: That port is already in use.
Watching for file changes with StatReloader
Error: That port is already in use.
Watching for file changes with StatReloader
Error: That port is already in use.
Watching for file changes with StatReloader
Error: That port is already in use.
Watching for file changes with StatReloader
Error: That port is already in use.
Watching for file changes with StatReloader
Error: That port is already in use.
Watching for file changes with StatReloader
Error: That port is already in use.
Watching for file changes with StatReloader
Error: That port is already in use.
Watching for file changes with StatReloader
Error: That port is already in use.
Watching for file changes with StatReloader
Error: That port is already in use.
Watching for file changes with StatReloader
Error: That port is already in use.
Watching for file changes with StatReloader
Error: That port is already in use.
Watching for file changes with StatReloader
Error: That port is already in use.
Watching for file changes with StatReloader
/Users/ming/code/personal/bigbill/assets/models.py changed, reloading.
Performing system checks...

System check identified no issues (0 silenced).
April 18, 2026 - 17:22:25
Django version 6.0.4, using settings 'bigbill_project.settings'
Starting development server at http://127.0.0.1:8000/
Quit the server with CONTROL-C.

WARNING: This is a development server. Do not use it in a production setting. Use a production WSGI or ASGI server instead.
For more information on production servers see: https://docs.djangoproject.com/en/6.0/howto/deployment/
Watching for file changes with StatReloader
/Users/ming/code/personal/bigbill/assets/views.py changed, reloading.
Performing system checks...

System check identified no issues (0 silenced).
April 18, 2026 - 17:24:33
Django version 6.0.4, using settings 'bigbill_project.settings'
Starting development server at http://127.0.0.1:8000/
Quit the server with CONTROL-C.

WARNING: This is a development server. Do not use it in a production setting. Use a production WSGI or ASGI server instead.
For more information on production servers see: https://docs.djangoproject.com/en/6.0/howto/deployment/
Watching for file changes with StatReloader
/Users/ming/code/personal/bigbill/assets/views.py changed, reloading.
Performing system checks...

System check identified no issues (0 silenced).
April 18, 2026 - 17:24:52
Django version 6.0.4, using settings 'bigbill_project.settings'
Starting development server at http://127.0.0.1:8000/
Quit the server with CONTROL-C.

WARNING: This is a development server. Do not use it in a production setting. Use a production WSGI or ASGI server instead.
For more information on production servers see: https://docs.djangoproject.com/en/6.0/howto/deployment/
Watching for file changes with StatReloader
/Users/ming/code/personal/bigbill/assets/urls.py changed, reloading.
Performing system checks...

System check identified no issues (0 silenced).
April 18, 2026 - 17:25:19
Django version 6.0.4, using settings 'bigbill_project.settings'
Starting development server at http://127.0.0.1:8000/
Quit the server with CONTROL-C.

WARNING: This is a development server. Do not use it in a production setting. Use a production WSGI or ASGI server instead.
For more information on production servers see: https://docs.djangoproject.com/en/6.0/howto/deployment/
Watching for file changes with StatReloader
[18/Apr/2026 17:26:40] "GET /settings/ HTTP/1.1" 200 38737
[18/Apr/2026 17:26:41] "GET /checklist/ HTTP/1.1" 200 21649
[18/Apr/2026 17:26:42] "GET /advisor/ HTTP/1.1" 200 36441
[18/Apr/2026 17:26:42] "GET /history/ HTTP/1.1" 200 34937
[18/Apr/2026 17:26:42] "GET /api/performance/?start_date=2025-12-31&end_date=2026-04-18 HTTP/1.1" 200 273
[18/Apr/2026 17:26:44] "GET /rebalance/ HTTP/1.1" 200 26798
[18/Apr/2026 17:26:45] "GET /history/ HTTP/1.1" 200 34937
[18/Apr/2026 17:26:45] "GET /api/performance/?start_date=2025-12-31&end_date=2026-04-18 HTTP/1.1" 200 273
[18/Apr/2026 17:27:07] "GET / HTTP/1.1" 200 26835
Watching for file changes with StatReloader
[18/Apr/2026 17:27:50] "GET / HTTP/1.1" 200 26835
[18/Apr/2026 17:27:51] "GET /history/ HTTP/1.1" 200 34937
[18/Apr/2026 17:27:51] "GET /api/performance/?start_date=2025-12-31&end_date=2026-04-18 HTTP/1.1" 200 273
[18/Apr/2026 17:27:58] "DELETE /api/snapshot/7/delete/ HTTP/1.1" 200 17
[18/Apr/2026 17:27:59] "GET /history/ HTTP/1.1" 200 33851
[18/Apr/2026 17:27:59] "GET /static/assets/js/app.js HTTP/1.1" 304 0
[18/Apr/2026 17:27:59] "GET /static/assets/css/style.css HTTP/1.1" 304 0
[18/Apr/2026 17:28:02] "GET /api/performance/?start_date=2025-12-31&end_date=2026-04-18 HTTP/1.1" 200 270
[18/Apr/2026 17:28:04] "POST /api/snapshot/create/ HTTP/1.1" 200 53
[18/Apr/2026 17:28:04] "GET /history/ HTTP/1.1" 200 34938
[18/Apr/2026 17:28:04] "GET /static/assets/css/style.css HTTP/1.1" 304 0
[18/Apr/2026 17:28:04] "GET /static/assets/js/app.js HTTP/1.1" 304 0
[18/Apr/2026 17:28:05] "GET /api/performance/?start_date=2025-12-31&end_date=2026-04-18 HTTP/1.1" 200 274
[18/Apr/2026 17:28:08] "GET /api/performance/?start_date=2026-01-18&end_date=2026-04-18 HTTP/1.1" 200 274
[18/Apr/2026 17:28:09] "GET /api/performance/?start_date=2025-12-31&end_date=2026-04-18 HTTP/1.1" 200 274
[18/Apr/2026 17:28:09] "GET /api/performance/?start_date=2025-04-18&end_date=2026-04-18 HTTP/1.1" 200 274
[18/Apr/2026 17:28:10] "GET /api/performance/?start_date=2025-12-31&end_date=2026-04-18 HTTP/1.1" 200 274
[18/Apr/2026 17:28:10] "GET /api/performance/?start_date=2026-01-18&end_date=2026-04-18 HTTP/1.1" 200 274
[18/Apr/2026 17:28:11] "GET /api/performance/?start_date=2026-03-18&end_date=2026-04-18 HTTP/1.1" 200 274
[18/Apr/2026 17:28:11] "GET /api/performance/?start_date=2026-01-18&end_date=2026-04-18 HTTP/1.1" 200 274
[18/Apr/2026 17:28:11] "GET /api/performance/?start_date=2025-12-31&end_date=2026-04-18 HTTP/1.1" 200 274
[18/Apr/2026 17:28:58] "GET / HTTP/1.1" 200 26835
[18/Apr/2026 17:30:10] "GET /holdings/ HTTP/1.1" 200 68148
[18/Apr/2026 17:31:32] "GET / HTTP/1.1" 200 26835
[18/Apr/2026 17:31:39] "GET /history/ HTTP/1.1" 200 34938
[18/Apr/2026 17:31:40] "GET /api/performance/?start_date=2025-12-31&end_date=2026-04-18 HTTP/1.1" 200 274
[18/Apr/2026 17:32:56] "GET / HTTP/1.1" 200 26835
[18/Apr/2026 17:32:58] "GET /holdings/ HTTP/1.1" 200 68148
[18/Apr/2026 17:36:41] "GET / HTTP/1.1" 200 26835
[18/Apr/2026 17:36:41] "GET /holdings/ HTTP/1.1" 200 68148
[18/Apr/2026 17:36:42] "GET /upload/ HTTP/1.1" 200 27869
[18/Apr/2026 17:38:39] "GET / HTTP/1.1" 200 26835
[18/Apr/2026 17:38:41] "GET /holdings/ HTTP/1.1" 200 68148
[18/Apr/2026 17:43:13] "GET /history/ HTTP/1.1" 200 34938
[18/Apr/2026 17:43:13] "GET /api/performance/?start_date=2025-12-31&end_date=2026-04-18 HTTP/1.1" 200 274
[18/Apr/2026 17:43:16] "GET /holdings/ HTTP/1.1" 200 68148
[18/Apr/2026 17:43:16] "GET / HTTP/1.1" 200 26835
[18/Apr/2026 17:43:50] "GET /history/ HTTP/1.1" 200 34938
[18/Apr/2026 17:43:50] "GET /api/performance/?start_date=2025-12-31&end_date=2026-04-18 HTTP/1.1" 200 274
[18/Apr/2026 17:48:14] "GET /holdings/ HTTP/1.1" 200 68148
[18/Apr/2026 17:50:31] "GET /history/ HTTP/1.1" 200 34938
[18/Apr/2026 17:50:31] "GET /api/performance/?start_date=2025-12-31&end_date=2026-04-18 HTTP/1.1" 200 274
[18/Apr/2026 17:50:42] "POST /api/transaction/1/update/ HTTP/1.1" 200 17
[18/Apr/2026 17:50:43] "GET /history/ HTTP/1.1" 200 34938
[18/Apr/2026 17:50:43] "GET /static/assets/css/style.css HTTP/1.1" 304 0
[18/Apr/2026 17:50:43] "GET /static/assets/js/app.js HTTP/1.1" 304 0
[18/Apr/2026 17:50:43] "GET /api/performance/?start_date=2025-12-31&end_date=2026-04-18 HTTP/1.1" 200 271
[18/Apr/2026 17:53:22] "DELETE /api/snapshot/3/delete/ HTTP/1.1" 200 17
[18/Apr/2026 17:53:23] "GET /history/ HTTP/1.1" 200 33853
[18/Apr/2026 17:53:23] "GET /static/assets/css/style.css HTTP/1.1" 304 0
[18/Apr/2026 17:53:23] "GET /static/assets/js/app.js HTTP/1.1" 304 0
[18/Apr/2026 17:53:24] "GET /api/performance/?start_date=2025-12-31&end_date=2026-04-18 HTTP/1.1" 200 267
[18/Apr/2026 17:53:30] "DELETE /api/snapshot/6/delete/ HTTP/1.1" 200 17
[18/Apr/2026 17:53:30] "GET /history/ HTTP/1.1" 200 31024
[18/Apr/2026 17:53:31] "GET /static/assets/css/style.css HTTP/1.1" 304 0
[18/Apr/2026 17:53:31] "GET /static/assets/js/app.js HTTP/1.1" 304 0
[18/Apr/2026 17:53:32] "GET /api/performance/?start_date=2025-12-31&end_date=2026-04-18 HTTP/1.1" 200 232
[18/Apr/2026 17:53:36] "GET /checklist/ HTTP/1.1" 200 21649
[18/Apr/2026 17:53:37] "GET /advisor/ HTTP/1.1" 200 36441
[18/Apr/2026 17:53:44] "GET / HTTP/1.1" 200 26835
[18/Apr/2026 17:54:33,047] - Broken pipe from ('127.0.0.1', 61377)
[18/Apr/2026 17:56:26] "GET /settings/ HTTP/1.1" 200 38737
[18/Apr/2026 17:56:27] "GET /checklist/ HTTP/1.1" 200 21649
[18/Apr/2026 17:56:29] "GET /advisor/ HTTP/1.1" 200 36618
/Users/ming/code/personal/bigbill/assets/services/rebalance.py changed, reloading.
Performing system checks...

System check identified no issues (0 silenced).
April 18, 2026 - 17:27:17
Django version 6.0.4, using settings 'bigbill_project.settings'
Starting development server at http://127.0.0.1:8000/
Quit the server with CONTROL-C.

WARNING: This is a development server. Do not use it in a production setting. Use a production WSGI or ASGI server instead.
For more information on production servers see: https://docs.djangoproject.com/en/6.0/howto/deployment/
Watching for file changes with StatReloader
/Users/ming/code/personal/bigbill/assets/services/rebalance.py changed, reloading.
Performing system checks...

System check identified no issues (0 silenced).
April 18, 2026 - 17:59:36
Django version 6.0.4, using settings 'bigbill_project.settings'
Starting development server at http://127.0.0.1:8000/
Quit the server with CONTROL-C.

WARNING: This is a development server. Do not use it in a production setting. Use a production WSGI or ASGI server instead.
For more information on production servers see: https://docs.djangoproject.com/en/6.0/howto/deployment/
Watching for file changes with StatReloader
[18/Apr/2026 18:00:25] "GET / HTTP/1.1" 200 25190
[18/Apr/2026 18:00:44] "GET /rebalance/ HTTP/1.1" 200 25312
[18/Apr/2026 18:02:38] "GET /settings/ HTTP/1.1" 200 38737
[18/Apr/2026 18:03:42] "GET / HTTP/1.1" 200 25190
[18/Apr/2026 18:06:55] "GET / HTTP/1.1" 200 25190
[18/Apr/2026 18:06:57] "GET /settings/ HTTP/1.1" 200 41238
[18/Apr/2026 18:09:11] "GET /settings/ HTTP/1.1" 200 41490
[18/Apr/2026 18:11:09] "GET /checklist/ HTTP/1.1" 200 21649
[18/Apr/2026 18:11:11] "GET /advisor/ HTTP/1.1" 200 36618
/Users/ming/code/personal/bigbill/assets/views.py changed, reloading.
Performing system checks...

System check identified no issues (0 silenced).
April 18, 2026 - 17:59:43
Django version 6.0.4, using settings 'bigbill_project.settings'
Starting development server at http://127.0.0.1:8000/
Quit the server with CONTROL-C.

WARNING: This is a development server. Do not use it in a production setting. Use a production WSGI or ASGI server instead.
For more information on production servers see: https://docs.djangoproject.com/en/6.0/howto/deployment/
Watching for file changes with StatReloader
/Users/ming/code/personal/bigbill/assets/views.py changed, reloading.
Performing system checks...

System check identified no issues (0 silenced).
April 18, 2026 - 18:17:45
Django version 6.0.4, using settings 'bigbill_project.settings'
Starting development server at http://127.0.0.1:8000/
Quit the server with CONTROL-C.

WARNING: This is a development server. Do not use it in a production setting. Use a production WSGI or ASGI server instead.
For more information on production servers see: https://docs.djangoproject.com/en/6.0/howto/deployment/
Watching for file changes with StatReloader
/Users/ming/code/personal/bigbill/assets/views.py changed, reloading.
Performing system checks...

System check identified no issues (0 silenced).
April 18, 2026 - 18:17:56
Django version 6.0.4, using settings 'bigbill_project.settings'
Starting development server at http://127.0.0.1:8000/
Quit the server with CONTROL-C.

WARNING: This is a development server. Do not use it in a production setting. Use a production WSGI or ASGI server instead.
For more information on production servers see: https://docs.djangoproject.com/en/6.0/howto/deployment/
Watching for file changes with StatReloader
/Users/ming/code/personal/bigbill/assets/views.py changed, reloading.
Performing system checks...

System check identified no issues (0 silenced).
April 18, 2026 - 18:18:07
Django version 6.0.4, using settings 'bigbill_project.settings'
Starting development server at http://127.0.0.1:8000/
Quit the server with CONTROL-C.

WARNING: This is a development server. Do not use it in a production setting. Use a production WSGI or ASGI server instead.
For more information on production servers see: https://docs.djangoproject.com/en/6.0/howto/deployment/
Watching for file changes with StatReloader
/Users/ming/code/personal/bigbill/assets/models.py changed, reloading.
Performing system checks...

System check identified no issues (0 silenced).
April 18, 2026 - 18:18:22
Django version 6.0.4, using settings 'bigbill_project.settings'
Starting development server at http://127.0.0.1:8000/
Quit the server with CONTROL-C.

WARNING: This is a development server. Do not use it in a production setting. Use a production WSGI or ASGI server instead.
For more information on production servers see: https://docs.djangoproject.com/en/6.0/howto/deployment/
Watching for file changes with StatReloader
/Users/ming/code/personal/bigbill/assets/views.py changed, reloading.
Performing system checks...

System check identified no issues (0 silenced).
April 18, 2026 - 18:19:00
Django version 6.0.4, using settings 'bigbill_project.settings'
Starting development server at http://127.0.0.1:8000/
Quit the server with CONTROL-C.

WARNING: This is a development server. Do not use it in a production setting. Use a production WSGI or ASGI server instead.
For more information on production servers see: https://docs.djangoproject.com/en/6.0/howto/deployment/
Watching for file changes with StatReloader
/Users/ming/code/personal/bigbill/assets/views.py changed, reloading.
Performing system checks...

System check identified no issues (0 silenced).
April 18, 2026 - 18:19:18
Django version 6.0.4, using settings 'bigbill_project.settings'
Starting development server at http://127.0.0.1:8000/
Quit the server with CONTROL-C.

WARNING: This is a development server. Do not use it in a production setting. Use a production WSGI or ASGI server instead.
For more information on production servers see: https://docs.djangoproject.com/en/6.0/howto/deployment/
Watching for file changes with StatReloader
[18/Apr/2026 18:25:48] "GET /advisor/ HTTP/1.1" 200 36618
[18/Apr/2026 18:25:49] "GET / HTTP/1.1" 200 25190
[18/Apr/2026 18:25:51] "GET / HTTP/1.1" 200 25190
[18/Apr/2026 18:25:59] "GET / HTTP/1.1" 200 25190
/Users/ming/code/personal/bigbill/assets/views.py changed, reloading.
Performing system checks...

System check identified no issues (0 silenced).
April 18, 2026 - 18:19:24
Django version 6.0.4, using settings 'bigbill_project.settings'
Starting development server at http://127.0.0.1:8000/
Quit the server with CONTROL-C.

WARNING: This is a development server. Do not use it in a production setting. Use a production WSGI or ASGI server instead.
For more information on production servers see: https://docs.djangoproject.com/en/6.0/howto/deployment/
Watching for file changes with StatReloader
/Users/ming/code/personal/bigbill/assets/views.py changed, reloading.
Performing system checks...

System check identified no issues (0 silenced).
April 18, 2026 - 18:27:49
Django version 6.0.4, using settings 'bigbill_project.settings'
Starting development server at http://127.0.0.1:8000/
Quit the server with CONTROL-C.

WARNING: This is a development server. Do not use it in a production setting. Use a production WSGI or ASGI server instead.
For more information on production servers see: https://docs.djangoproject.com/en/6.0/howto/deployment/
Watching for file changes with StatReloader
/Users/ming/code/personal/bigbill/assets/views.py changed, reloading.
Performing system checks...

System check identified no issues (0 silenced).
April 18, 2026 - 18:27:57
Django version 6.0.4, using settings 'bigbill_project.settings'
Starting development server at http://127.0.0.1:8000/
Quit the server with CONTROL-C.

WARNING: This is a development server. Do not use it in a production setting. Use a production WSGI or ASGI server instead.
For more information on production servers see: https://docs.djangoproject.com/en/6.0/howto/deployment/
Watching for file changes with StatReloader
/Users/ming/code/personal/bigbill/assets/views.py changed, reloading.
Performing system checks...

System check identified no issues (0 silenced).
April 18, 2026 - 18:28:04
Django version 6.0.4, using settings 'bigbill_project.settings'
Starting development server at http://127.0.0.1:8000/
Quit the server with CONTROL-C.

WARNING: This is a development server. Do not use it in a production setting. Use a production WSGI or ASGI server instead.
For more information on production servers see: https://docs.djangoproject.com/en/6.0/howto/deployment/
Watching for file changes with StatReloader
/Users/ming/code/personal/bigbill/assets/models.py changed, reloading.
Performing system checks...

System check identified no issues (0 silenced).
April 18, 2026 - 18:28:39
Django version 6.0.4, using settings 'bigbill_project.settings'
Starting development server at http://127.0.0.1:8000/
Quit the server with CONTROL-C.

WARNING: This is a development server. Do not use it in a production setting. Use a production WSGI or ASGI server instead.
For more information on production servers see: https://docs.djangoproject.com/en/6.0/howto/deployment/
Watching for file changes with StatReloader
[18/Apr/2026 18:34:41] "GET / HTTP/1.1" 200 25190
/Users/ming/code/personal/bigbill/assets/models.py changed, reloading.
Performing system checks...

System check identified no issues (0 silenced).
April 18, 2026 - 18:29:14
Django version 6.0.4, using settings 'bigbill_project.settings'
Starting development server at http://127.0.0.1:8000/
Quit the server with CONTROL-C.

WARNING: This is a development server. Do not use it in a production setting. Use a production WSGI or ASGI server instead.
For more information on production servers see: https://docs.djangoproject.com/en/6.0/howto/deployment/
Watching for file changes with StatReloader
/Users/ming/code/personal/bigbill/assets/models.py changed, reloading.
Performing system checks...

System check identified no issues (0 silenced).
April 18, 2026 - 18:34:59
Django version 6.0.4, using settings 'bigbill_project.settings'
Starting development server at http://127.0.0.1:8000/
Quit the server with CONTROL-C.

WARNING: This is a development server. Do not use it in a production setting. Use a production WSGI or ASGI server instead.
For more information on production servers see: https://docs.djangoproject.com/en/6.0/howto/deployment/
Watching for file changes with StatReloader
[18/Apr/2026 18:36:05] "GET /advisor/ HTTP/1.1" 200 36618
[18/Apr/2026 18:36:10] "GET /advisor/history/ HTTP/1.1" 200 8286
[18/Apr/2026 18:36:15] "GET /advisor/history/2/ HTTP/1.1" 200 38275
/Users/ming/code/personal/bigbill/assets/services/rebalance.py changed, reloading.
Performing system checks...

System check identified no issues (0 silenced).
April 18, 2026 - 18:35:19
Django version 6.0.4, using settings 'bigbill_project.settings'
Starting development server at http://127.0.0.1:8000/
Quit the server with CONTROL-C.

WARNING: This is a development server. Do not use it in a production setting. Use a production WSGI or ASGI server instead.
For more information on production servers see: https://docs.djangoproject.com/en/6.0/howto/deployment/
Watching for file changes with StatReloader
[18/Apr/2026 18:36:32] "GET / HTTP/1.1" 200 25190
[18/Apr/2026 18:36:36] "GET /checklist/ HTTP/1.1" 200 21649
[18/Apr/2026 18:36:37] "GET /advisor/ HTTP/1.1" 200 36618
[18/Apr/2026 18:36:40] "GET /advisor/history/ HTTP/1.1" 200 8286
[18/Apr/2026 18:36:49] "GET /advisor/history/4/ HTTP/1.1" 200 36433
[18/Apr/2026 18:37:29] "GET /holdings/ HTTP/1.1" 200 68148
[18/Apr/2026 18:43:35] "GET / HTTP/1.1" 200 25190
[18/Apr/2026 18:58:34] "GET / HTTP/1.1" 200 25190
[18/Apr/2026 19:00:32] "GET /holdings/ HTTP/1.1" 200 68148
[18/Apr/2026 19:01:58] "GET /advisor/ HTTP/1.1" 200 36618
[18/Apr/2026 19:02:19] "GET /holdings/ HTTP/1.1" 200 68148
/Users/ming/code/personal/bigbill/assets/models.py changed, reloading.
Performing system checks...

System check identified no issues (0 silenced).
April 18, 2026 - 18:36:18
Django version 6.0.4, using settings 'bigbill_project.settings'
Starting development server at http://127.0.0.1:8000/
Quit the server with CONTROL-C.

WARNING: This is a development server. Do not use it in a production setting. Use a production WSGI or ASGI server instead.
For more information on production servers see: https://docs.djangoproject.com/en/6.0/howto/deployment/
Watching for file changes with StatReloader
/Users/ming/code/personal/bigbill/assets/models.py changed, reloading.
Performing system checks...

System check identified no issues (0 silenced).
April 18, 2026 - 22:13:34
Django version 6.0.4, using settings 'bigbill_project.settings'
Starting development server at http://127.0.0.1:8000/
Quit the server with CONTROL-C.

WARNING: This is a development server. Do not use it in a production setting. Use a production WSGI or ASGI server instead.
For more information on production servers see: https://docs.djangoproject.com/en/6.0/howto/deployment/
Watching for file changes with StatReloader
/Users/ming/code/personal/bigbill/assets/models.py changed, reloading.
Performing system checks...

System check identified no issues (0 silenced).
April 18, 2026 - 22:13:46
Django version 6.0.4, using settings 'bigbill_project.settings'
Starting development server at http://127.0.0.1:8000/
Quit the server with CONTROL-C.

WARNING: This is a development server. Do not use it in a production setting. Use a production WSGI or ASGI server instead.
For more information on production servers see: https://docs.djangoproject.com/en/6.0/howto/deployment/
Watching for file changes with StatReloader
/Users/ming/code/personal/bigbill/assets/models.py changed, reloading.
Performing system checks...

System check identified no issues (0 silenced).
April 18, 2026 - 22:14:02
Django version 6.0.4, using settings 'bigbill_project.settings'
Starting development server at http://127.0.0.1:8000/
Quit the server with CONTROL-C.

WARNING: This is a development server. Do not use it in a production setting. Use a production WSGI or ASGI server instead.
For more information on production servers see: https://docs.djangoproject.com/en/6.0/howto/deployment/
Watching for file changes with StatReloader
/Users/ming/code/personal/bigbill/assets/models.py changed, reloading.
Performing system checks...

System check identified no issues (0 silenced).
April 18, 2026 - 22:14:08
Django version 6.0.4, using settings 'bigbill_project.settings'
Starting development server at http://127.0.0.1:8000/
Quit the server with CONTROL-C.

WARNING: This is a development server. Do not use it in a production setting. Use a production WSGI or ASGI server instead.
For more information on production servers see: https://docs.djangoproject.com/en/6.0/howto/deployment/
Watching for file changes with StatReloader
/Users/ming/code/personal/bigbill/assets/models.py changed, reloading.
Performing system checks...

System check identified no issues (0 silenced).
April 18, 2026 - 22:14:15
Django version 6.0.4, using settings 'bigbill_project.settings'
Starting development server at http://127.0.0.1:8000/
Quit the server with CONTROL-C.

WARNING: This is a development server. Do not use it in a production setting. Use a production WSGI or ASGI server instead.
For more information on production servers see: https://docs.djangoproject.com/en/6.0/howto/deployment/
Watching for file changes with StatReloader
/Users/ming/code/personal/bigbill/assets/views.py changed, reloading.
Performing system checks...

System check identified no issues (0 silenced).
April 18, 2026 - 22:14:19
Django version 6.0.4, using settings 'bigbill_project.settings'
Starting development server at http://127.0.0.1:8000/
Quit the server with CONTROL-C.

WARNING: This is a development server. Do not use it in a production setting. Use a production WSGI or ASGI server instead.
For more information on production servers see: https://docs.djangoproject.com/en/6.0/howto/deployment/
Watching for file changes with StatReloader
/Users/ming/code/personal/bigbill/assets/views.py changed, reloading.
Performing system checks...

System check identified no issues (0 silenced).
April 18, 2026 - 22:14:32
Django version 6.0.4, using settings 'bigbill_project.settings'
Starting development server at http://127.0.0.1:8000/
Quit the server with CONTROL-C.

WARNING: This is a development server. Do not use it in a production setting. Use a production WSGI or ASGI server instead.
For more information on production servers see: https://docs.djangoproject.com/en/6.0/howto/deployment/
Watching for file changes with StatReloader
/Users/ming/code/personal/bigbill/assets/views.py changed, reloading.
Performing system checks...

System check identified no issues (0 silenced).
April 18, 2026 - 22:14:47
Django version 6.0.4, using settings 'bigbill_project.settings'
Starting development server at http://127.0.0.1:8000/
Quit the server with CONTROL-C.

WARNING: This is a development server. Do not use it in a production setting. Use a production WSGI or ASGI server instead.
For more information on production servers see: https://docs.djangoproject.com/en/6.0/howto/deployment/
Watching for file changes with StatReloader
/Users/ming/code/personal/bigbill/assets/views.py changed, reloading.
Performing system checks...

System check identified no issues (0 silenced).
April 18, 2026 - 22:15:18
Django version 6.0.4, using settings 'bigbill_project.settings'
Starting development server at http://127.0.0.1:8000/
Quit the server with CONTROL-C.

WARNING: This is a development server. Do not use it in a production setting. Use a production WSGI or ASGI server instead.
For more information on production servers see: https://docs.djangoproject.com/en/6.0/howto/deployment/
Watching for file changes with StatReloader
/Users/ming/code/personal/bigbill/assets/views.py changed, reloading.
Performing system checks...

System check identified no issues (0 silenced).
April 18, 2026 - 22:15:27
Django version 6.0.4, using settings 'bigbill_project.settings'
Starting development server at http://127.0.0.1:8000/
Quit the server with CONTROL-C.

WARNING: This is a development server. Do not use it in a production setting. Use a production WSGI or ASGI server instead.
For more information on production servers see: https://docs.djangoproject.com/en/6.0/howto/deployment/
Watching for file changes with StatReloader
/Users/ming/code/personal/bigbill/assets/services/rebalance.py changed, reloading.
Performing system checks...

System check identified no issues (0 silenced).
April 18, 2026 - 22:15:40
Django version 6.0.4, using settings 'bigbill_project.settings'
Starting development server at http://127.0.0.1:8000/
Quit the server with CONTROL-C.

WARNING: This is a development server. Do not use it in a production setting. Use a production WSGI or ASGI server instead.
For more information on production servers see: https://docs.djangoproject.com/en/6.0/howto/deployment/
Watching for file changes with StatReloader
/Users/ming/code/personal/bigbill/assets/services/ocr.py changed, reloading.
Performing system checks...

System check identified no issues (0 silenced).
April 18, 2026 - 22:15:57
Django version 6.0.4, using settings 'bigbill_project.settings'
Starting development server at http://127.0.0.1:8000/
Quit the server with CONTROL-C.

WARNING: This is a development server. Do not use it in a production setting. Use a production WSGI or ASGI server instead.
For more information on production servers see: https://docs.djangoproject.com/en/6.0/howto/deployment/
Watching for file changes with StatReloader
/Users/ming/code/personal/bigbill/assets/services/ocr.py changed, reloading.
Performing system checks...

System check identified no issues (0 silenced).
April 18, 2026 - 22:16:12
Django version 6.0.4, using settings 'bigbill_project.settings'
Starting development server at http://127.0.0.1:8000/
Quit the server with CONTROL-C.

WARNING: This is a development server. Do not use it in a production setting. Use a production WSGI or ASGI server instead.
For more information on production servers see: https://docs.djangoproject.com/en/6.0/howto/deployment/
Watching for file changes with StatReloader
/Users/ming/code/personal/bigbill/assets/services/ocr.py changed, reloading.
Performing system checks...

System check identified no issues (0 silenced).
April 18, 2026 - 22:16:20
Django version 6.0.4, using settings 'bigbill_project.settings'
Starting development server at http://127.0.0.1:8000/
Quit the server with CONTROL-C.

WARNING: This is a development server. Do not use it in a production setting. Use a production WSGI or ASGI server instead.
For more information on production servers see: https://docs.djangoproject.com/en/6.0/howto/deployment/
Watching for file changes with StatReloader
/Users/ming/code/personal/bigbill/assets/services/advisor.py changed, reloading.
Performing system checks...

System check identified no issues (0 silenced).
April 18, 2026 - 22:16:27
Django version 6.0.4, using settings 'bigbill_project.settings'
Starting development server at http://127.0.0.1:8000/
Quit the server with CONTROL-C.

WARNING: This is a development server. Do not use it in a production setting. Use a production WSGI or ASGI server instead.
For more information on production servers see: https://docs.djangoproject.com/en/6.0/howto/deployment/
Watching for file changes with StatReloader
/Users/ming/code/personal/bigbill/assets/services/advisor.py changed, reloading.
Performing system checks...

System check identified no issues (0 silenced).
April 18, 2026 - 22:16:34
Django version 6.0.4, using settings 'bigbill_project.settings'
Starting development server at http://127.0.0.1:8000/
Quit the server with CONTROL-C.

WARNING: This is a development server. Do not use it in a production setting. Use a production WSGI or ASGI server instead.
For more information on production servers see: https://docs.djangoproject.com/en/6.0/howto/deployment/
Watching for file changes with StatReloader
/Users/ming/code/personal/bigbill/bigbill_project/settings.py changed, reloading.
Performing system checks...

System check identified no issues (0 silenced).
April 18, 2026 - 22:16:39
Django version 6.0.4, using settings 'bigbill_project.settings'
Starting development server at http://127.0.0.1:8000/
Quit the server with CONTROL-C.

WARNING: This is a development server. Do not use it in a production setting. Use a production WSGI or ASGI server instead.
For more information on production servers see: https://docs.djangoproject.com/en/6.0/howto/deployment/
Watching for file changes with StatReloader
/Users/ming/code/personal/bigbill/bigbill_project/settings.py changed, reloading.
Performing system checks...

System check identified no issues (0 silenced).
April 18, 2026 - 22:16:47
Django version 6.0.4, using settings 'bigbill_project.settings'
Starting development server at http://127.0.0.1:8000/
Quit the server with CONTROL-C.

WARNING: This is a development server. Do not use it in a production setting. Use a production WSGI or ASGI server instead.
For more information on production servers see: https://docs.djangoproject.com/en/6.0/howto/deployment/
Watching for file changes with StatReloader
/Users/ming/code/personal/bigbill/assets/views.py changed, reloading.
Performing system checks...

System check identified no issues (0 silenced).
April 18, 2026 - 22:17:17
Django version 6.0.4, using settings 'bigbill_project.settings'
Starting development server at http://127.0.0.1:8000/
Quit the server with CONTROL-C.

WARNING: This is a development server. Do not use it in a production setting. Use a production WSGI or ASGI server instead.
For more information on production servers see: https://docs.djangoproject.com/en/6.0/howto/deployment/
Watching for file changes with StatReloader
/Users/ming/code/personal/bigbill/assets/urls.py changed, reloading.
Performing system checks...

System check identified no issues (0 silenced).
April 18, 2026 - 22:17:25
Django version 6.0.4, using settings 'bigbill_project.settings'
Starting development server at http://127.0.0.1:8000/
Quit the server with CONTROL-C.

WARNING: This is a development server. Do not use it in a production setting. Use a production WSGI or ASGI server instead.
For more information on production servers see: https://docs.djangoproject.com/en/6.0/howto/deployment/
Watching for file changes with StatReloader
/Users/ming/code/personal/bigbill/bigbill_project/settings.py changed, reloading.
Performing system checks...

System check identified no issues (0 silenced).
April 18, 2026 - 22:17:43
Django version 6.0.4, using settings 'bigbill_project.settings'
Starting development server at http://127.0.0.1:8000/
Quit the server with CONTROL-C.

WARNING: This is a development server. Do not use it in a production setting. Use a production WSGI or ASGI server instead.
For more information on production servers see: https://docs.djangoproject.com/en/6.0/howto/deployment/
Watching for file changes with StatReloader
/Users/ming/code/personal/bigbill/assets/services/rebalance.py changed, reloading.
Performing system checks...

System check identified no issues (0 silenced).
April 18, 2026 - 22:17:50
Django version 6.0.4, using settings 'bigbill_project.settings'
Starting development server at http://127.0.0.1:8000/
Quit the server with CONTROL-C.

WARNING: This is a development server. Do not use it in a production setting. Use a production WSGI or ASGI server instead.
For more information on production servers see: https://docs.djangoproject.com/en/6.0/howto/deployment/
Watching for file changes with StatReloader
/Users/ming/code/personal/bigbill/assets/services/rebalance.py changed, reloading.
Performing system checks...

System check identified no issues (0 silenced).
April 18, 2026 - 22:18:09
Django version 6.0.4, using settings 'bigbill_project.settings'
Starting development server at http://127.0.0.1:8000/
Quit the server with CONTROL-C.

WARNING: This is a development server. Do not use it in a production setting. Use a production WSGI or ASGI server instead.
For more information on production servers see: https://docs.djangoproject.com/en/6.0/howto/deployment/
Watching for file changes with StatReloader
/Users/ming/code/personal/bigbill/assets/services/rebalance.py changed, reloading.
Performing system checks...

System check identified no issues (0 silenced).
April 18, 2026 - 22:18:26
Django version 6.0.4, using settings 'bigbill_project.settings'
Starting development server at http://127.0.0.1:8000/
Quit the server with CONTROL-C.

WARNING: This is a development server. Do not use it in a production setting. Use a production WSGI or ASGI server instead.
For more information on production servers see: https://docs.djangoproject.com/en/6.0/howto/deployment/
Watching for file changes with StatReloader
/Users/ming/code/personal/bigbill/assets/services/rebalance.py changed, reloading.
Performing system checks...

System check identified no issues (0 silenced).
April 18, 2026 - 22:18:38
Django version 6.0.4, using settings 'bigbill_project.settings'
Starting development server at http://127.0.0.1:8000/
Quit the server with CONTROL-C.

WARNING: This is a development server. Do not use it in a production setting. Use a production WSGI or ASGI server instead.
For more information on production servers see: https://docs.djangoproject.com/en/6.0/howto/deployment/
Watching for file changes with StatReloader
/Users/ming/code/personal/bigbill/assets/services/rebalance.py changed, reloading.
Performing system checks...

System check identified no issues (0 silenced).
April 18, 2026 - 22:18:45
Django version 6.0.4, using settings 'bigbill_project.settings'
Starting development server at http://127.0.0.1:8000/
Quit the server with CONTROL-C.

WARNING: This is a development server. Do not use it in a production setting. Use a production WSGI or ASGI server instead.
For more information on production servers see: https://docs.djangoproject.com/en/6.0/howto/deployment/
Watching for file changes with StatReloader
/Users/ming/code/personal/bigbill/assets/services/rebalance.py changed, reloading.
Performing system checks...

System check identified no issues (0 silenced).
April 18, 2026 - 22:18:51
Django version 6.0.4, using settings 'bigbill_project.settings'
Starting development server at http://127.0.0.1:8000/
Quit the server with CONTROL-C.

WARNING: This is a development server. Do not use it in a production setting. Use a production WSGI or ASGI server instead.
For more information on production servers see: https://docs.djangoproject.com/en/6.0/howto/deployment/
Watching for file changes with StatReloader
/Users/ming/code/personal/bigbill/assets/services/rebalance.py changed, reloading.
Performing system checks...

System check identified no issues (0 silenced).
April 18, 2026 - 22:19:01
Django version 6.0.4, using settings 'bigbill_project.settings'
Starting development server at http://127.0.0.1:8000/
Quit the server with CONTROL-C.

WARNING: This is a development server. Do not use it in a production setting. Use a production WSGI or ASGI server instead.
For more information on production servers see: https://docs.djangoproject.com/en/6.0/howto/deployment/
Watching for file changes with StatReloader
/Users/ming/code/personal/bigbill/assets/services/rebalance.py changed, reloading.
Performing system checks...

System check identified no issues (0 silenced).
April 18, 2026 - 22:19:06
Django version 6.0.4, using settings 'bigbill_project.settings'
Starting development server at http://127.0.0.1:8000/
Quit the server with CONTROL-C.

WARNING: This is a development server. Do not use it in a production setting. Use a production WSGI or ASGI server instead.
For more information on production servers see: https://docs.djangoproject.com/en/6.0/howto/deployment/
Watching for file changes with StatReloader
/Users/ming/code/personal/bigbill/assets/services/rebalance.py changed, reloading.
Performing system checks...

System check identified no issues (0 silenced).
April 18, 2026 - 22:19:11
Django version 6.0.4, using settings 'bigbill_project.settings'
Starting development server at http://127.0.0.1:8000/
Quit the server with CONTROL-C.

WARNING: This is a development server. Do not use it in a production setting. Use a production WSGI or ASGI server instead.
For more information on production servers see: https://docs.djangoproject.com/en/6.0/howto/deployment/
Watching for file changes with StatReloader
/Users/ming/code/personal/bigbill/assets/services/rebalance.py changed, reloading.
Performing system checks...

System check identified no issues (0 silenced).
April 18, 2026 - 22:19:17
Django version 6.0.4, using settings 'bigbill_project.settings'
Starting development server at http://127.0.0.1:8000/
Quit the server with CONTROL-C.

WARNING: This is a development server. Do not use it in a production setting. Use a production WSGI or ASGI server instead.
For more information on production servers see: https://docs.djangoproject.com/en/6.0/howto/deployment/
Watching for file changes with StatReloader
/Users/ming/code/personal/bigbill/assets/services/rebalance.py changed, reloading.
Performing system checks...

System check identified no issues (0 silenced).
April 18, 2026 - 22:19:23
Django version 6.0.4, using settings 'bigbill_project.settings'
Starting development server at http://127.0.0.1:8000/
Quit the server with CONTROL-C.

WARNING: This is a development server. Do not use it in a production setting. Use a production WSGI or ASGI server instead.
For more information on production servers see: https://docs.djangoproject.com/en/6.0/howto/deployment/
Watching for file changes with StatReloader
/Users/ming/code/personal/bigbill/assets/services/rebalance.py changed, reloading.
Performing system checks...

System check identified no issues (0 silenced).
April 18, 2026 - 22:19:28
Django version 6.0.4, using settings 'bigbill_project.settings'
Starting development server at http://127.0.0.1:8000/
Quit the server with CONTROL-C.

WARNING: This is a development server. Do not use it in a production setting. Use a production WSGI or ASGI server instead.
For more information on production servers see: https://docs.djangoproject.com/en/6.0/howto/deployment/
Watching for file changes with StatReloader
/Users/ming/code/personal/bigbill/assets/services/rebalance.py changed, reloading.
Performing system checks...

System check identified no issues (0 silenced).
April 18, 2026 - 22:19:36
Django version 6.0.4, using settings 'bigbill_project.settings'
Starting development server at http://127.0.0.1:8000/
Quit the server with CONTROL-C.

WARNING: This is a development server. Do not use it in a production setting. Use a production WSGI or ASGI server instead.
For more information on production servers see: https://docs.djangoproject.com/en/6.0/howto/deployment/
Watching for file changes with StatReloader
/Users/ming/code/personal/bigbill/assets/services/rebalance.py changed, reloading.
Performing system checks...

System check identified no issues (0 silenced).
April 18, 2026 - 22:19:41
Django version 6.0.4, using settings 'bigbill_project.settings'
Starting development server at http://127.0.0.1:8000/
Quit the server with CONTROL-C.

WARNING: This is a development server. Do not use it in a production setting. Use a production WSGI or ASGI server instead.
For more information on production servers see: https://docs.djangoproject.com/en/6.0/howto/deployment/
Watching for file changes with StatReloader
[18/Apr/2026 22:22:26] "GET / HTTP/1.1" 200 25190
[18/Apr/2026 22:22:26] "GET /static/assets/css/style.css HTTP/1.1" 200 25585
[18/Apr/2026 22:22:29] "GET /holdings/ HTTP/1.1" 200 68148
[18/Apr/2026 22:22:30] "GET / HTTP/1.1" 200 25190
[18/Apr/2026 22:22:38] "GET /settings/ HTTP/1.1" 200 41490
[18/Apr/2026 22:22:39] "GET /checklist/ HTTP/1.1" 200 21649
[18/Apr/2026 22:22:40] "GET /advisor/ HTTP/1.1" 200 36618
[18/Apr/2026 22:22:50] "GET /history/ HTTP/1.1" 200 31208
[18/Apr/2026 22:22:50] "GET /api/performance/?start_date=2025-12-31&end_date=2026-04-18 HTTP/1.1" 200 232
[18/Apr/2026 22:22:59] "GET / HTTP/1.1" 200 25190
[18/Apr/2026 22:24:06,752] - Broken pipe from ('127.0.0.1', 49349)
[18/Apr/2026 22:24:31] "GET /advisor/ HTTP/1.1" 200 36131
[18/Apr/2026 22:24:52] "GET /rebalance/ HTTP/1.1" 200 25312
[18/Apr/2026 22:24:56] "GET / HTTP/1.1" 200 25190
[18/Apr/2026 22:31:58] "GET /advisor/ HTTP/1.1" 200 36131
/Users/ming/code/personal/bigbill/assets/models.py changed, reloading.
Performing system checks...

System check identified no issues (0 silenced).
April 18, 2026 - 22:19:47
Django version 6.0.4, using settings 'bigbill_project.settings'
Starting development server at http://127.0.0.1:8000/
Quit the server with CONTROL-C.

WARNING: This is a development server. Do not use it in a production setting. Use a production WSGI or ASGI server instead.
For more information on production servers see: https://docs.djangoproject.com/en/6.0/howto/deployment/
Watching for file changes with StatReloader
/Users/ming/code/personal/bigbill/assets/views.py changed, reloading.
Performing system checks...

System check identified no issues (0 silenced).
April 18, 2026 - 22:36:53
Django version 6.0.4, using settings 'bigbill_project.settings'
Starting development server at http://127.0.0.1:8000/
Quit the server with CONTROL-C.

WARNING: This is a development server. Do not use it in a production setting. Use a production WSGI or ASGI server instead.
For more information on production servers see: https://docs.djangoproject.com/en/6.0/howto/deployment/
Watching for file changes with StatReloader
/Users/ming/code/personal/bigbill/assets/views.py changed, reloading.
Performing system checks...

System check identified no issues (0 silenced).
April 18, 2026 - 22:38:09
Django version 6.0.4, using settings 'bigbill_project.settings'
Starting development server at http://127.0.0.1:8000/
Quit the server with CONTROL-C.

WARNING: This is a development server. Do not use it in a production setting. Use a production WSGI or ASGI server instead.
For more information on production servers see: https://docs.djangoproject.com/en/6.0/howto/deployment/
Watching for file changes with StatReloader
/Users/ming/code/personal/bigbill/assets/views.py changed, reloading.
Performing system checks...

System check identified no issues (0 silenced).
April 18, 2026 - 22:38:16
Django version 6.0.4, using settings 'bigbill_project.settings'
Starting development server at http://127.0.0.1:8000/
Quit the server with CONTROL-C.

WARNING: This is a development server. Do not use it in a production setting. Use a production WSGI or ASGI server instead.
For more information on production servers see: https://docs.djangoproject.com/en/6.0/howto/deployment/
Watching for file changes with StatReloader
/Users/ming/code/personal/bigbill/assets/views.py changed, reloading.
Performing system checks...

System check identified no issues (0 silenced).
April 18, 2026 - 22:38:28
Django version 6.0.4, using settings 'bigbill_project.settings'
Starting development server at http://127.0.0.1:8000/
Quit the server with CONTROL-C.

WARNING: This is a development server. Do not use it in a production setting. Use a production WSGI or ASGI server instead.
For more information on production servers see: https://docs.djangoproject.com/en/6.0/howto/deployment/
Watching for file changes with StatReloader
/Users/ming/code/personal/bigbill/assets/views.py changed, reloading.
Performing system checks...

System check identified no issues (0 silenced).
April 18, 2026 - 22:38:36
Django version 6.0.4, using settings 'bigbill_project.settings'
Starting development server at http://127.0.0.1:8000/
Quit the server with CONTROL-C.

WARNING: This is a development server. Do not use it in a production setting. Use a production WSGI or ASGI server instead.
For more information on production servers see: https://docs.djangoproject.com/en/6.0/howto/deployment/
Watching for file changes with StatReloader
/Users/ming/code/personal/bigbill/assets/views.py changed, reloading.
Performing system checks...

System check identified no issues (0 silenced).
April 18, 2026 - 22:39:01
Django version 6.0.4, using settings 'bigbill_project.settings'
Starting development server at http://127.0.0.1:8000/
Quit the server with CONTROL-C.

WARNING: This is a development server. Do not use it in a production setting. Use a production WSGI or ASGI server instead.
For more information on production servers see: https://docs.djangoproject.com/en/6.0/howto/deployment/
Watching for file changes with StatReloader
/Users/ming/code/personal/bigbill/assets/views.py changed, reloading.
Performing system checks...

System check identified no issues (0 silenced).
April 18, 2026 - 22:39:15
Django version 6.0.4, using settings 'bigbill_project.settings'
Starting development server at http://127.0.0.1:8000/
Quit the server with CONTROL-C.

WARNING: This is a development server. Do not use it in a production setting. Use a production WSGI or ASGI server instead.
For more information on production servers see: https://docs.djangoproject.com/en/6.0/howto/deployment/
Watching for file changes with StatReloader
/Users/ming/code/personal/bigbill/assets/urls.py changed, reloading.
Performing system checks...

System check identified no issues (0 silenced).
April 18, 2026 - 22:39:55
Django version 6.0.4, using settings 'bigbill_project.settings'
Starting development server at http://127.0.0.1:8000/
Quit the server with CONTROL-C.

WARNING: This is a development server. Do not use it in a production setting. Use a production WSGI or ASGI server instead.
For more information on production servers see: https://docs.djangoproject.com/en/6.0/howto/deployment/
Watching for file changes with StatReloader
/Users/ming/code/personal/bigbill/assets/urls.py changed, reloading.
Performing system checks...

System check identified no issues (0 silenced).
April 18, 2026 - 22:41:27
Django version 6.0.4, using settings 'bigbill_project.settings'
Starting development server at http://127.0.0.1:8000/
Quit the server with CONTROL-C.

WARNING: This is a development server. Do not use it in a production setting. Use a production WSGI or ASGI server instead.
For more information on production servers see: https://docs.djangoproject.com/en/6.0/howto/deployment/
Watching for file changes with StatReloader
/Users/ming/code/personal/bigbill/assets/views.py changed, reloading.
Performing system checks...

System check identified no issues (0 silenced).
April 18, 2026 - 22:41:37
Django version 6.0.4, using settings 'bigbill_project.settings'
Starting development server at http://127.0.0.1:8000/
Quit the server with CONTROL-C.

WARNING: This is a development server. Do not use it in a production setting. Use a production WSGI or ASGI server instead.
For more information on production servers see: https://docs.djangoproject.com/en/6.0/howto/deployment/
Watching for file changes with StatReloader
[18/Apr/2026 22:48:38] "GET /advisor/ HTTP/1.1" 200 36306
[18/Apr/2026 22:48:38] "GET /static/assets/css/style.css HTTP/1.1" 304 0
[18/Apr/2026 22:48:39] "GET /cashflow/ HTTP/1.1" 200 13990
[18/Apr/2026 22:48:47] "GET /history/ HTTP/1.1" 200 31383
[18/Apr/2026 22:48:47] "GET /api/performance/?start_date=2025-12-31&end_date=2026-04-18 HTTP/1.1" 200 232
[18/Apr/2026 22:48:48] "GET /rebalance/ HTTP/1.1" 200 25487
[18/Apr/2026 22:48:48] "GET /upload/ HTTP/1.1" 200 28449
[18/Apr/2026 22:48:49] "GET /holdings/ HTTP/1.1" 200 68323
[18/Apr/2026 22:48:54] "GET /settings/ HTTP/1.1" 200 41665
[18/Apr/2026 22:48:54] "GET /checklist/ HTTP/1.1" 200 21824
[18/Apr/2026 22:48:55] "GET /advisor/ HTTP/1.1" 200 36306
[18/Apr/2026 22:48:56] "GET /history/ HTTP/1.1" 200 31383
[18/Apr/2026 22:48:56] "GET /api/performance/?start_date=2025-12-31&end_date=2026-04-18 HTTP/1.1" 200 232
[18/Apr/2026 22:48:59] "GET /cashflow/ HTTP/1.1" 200 13990
[18/Apr/2026 22:49:01] "GET /rebalance/ HTTP/1.1" 200 25487
[18/Apr/2026 22:49:02] "GET /upload/ HTTP/1.1" 200 28449
[18/Apr/2026 22:49:02] "GET /holdings/ HTTP/1.1" 200 68323
[18/Apr/2026 22:49:03] "GET / HTTP/1.1" 200 25370
/Users/ming/code/personal/bigbill/assets/urls.py changed, reloading.
Performing system checks...

System check identified no issues (0 silenced).
April 18, 2026 - 22:43:24
Django version 6.0.4, using settings 'bigbill_project.settings'
Starting development server at http://127.0.0.1:8000/
Quit the server with CONTROL-C.

WARNING: This is a development server. Do not use it in a production setting. Use a production WSGI or ASGI server instead.
For more information on production servers see: https://docs.djangoproject.com/en/6.0/howto/deployment/
Watching for file changes with StatReloader
/Users/ming/code/personal/bigbill/assets/models.py changed, reloading.
Performing system checks...

System check identified no issues (0 silenced).
April 19, 2026 - 07:49:23
Django version 6.0.4, using settings 'bigbill_project.settings'
Starting development server at http://127.0.0.1:8000/
Quit the server with CONTROL-C.

WARNING: This is a development server. Do not use it in a production setting. Use a production WSGI or ASGI server instead.
For more information on production servers see: https://docs.djangoproject.com/en/6.0/howto/deployment/
Watching for file changes with StatReloader
/Users/ming/code/personal/bigbill/assets/views.py changed, reloading.
Performing system checks...

System check identified no issues (0 silenced).
April 19, 2026 - 07:51:27
Django version 6.0.4, using settings 'bigbill_project.settings'
Starting development server at http://127.0.0.1:8000/
Quit the server with CONTROL-C.

WARNING: This is a development server. Do not use it in a production setting. Use a production WSGI or ASGI server instead.
For more information on production servers see: https://docs.djangoproject.com/en/6.0/howto/deployment/
Watching for file changes with StatReloader
[19/Apr/2026 07:53:21] "GET /cashflow/ HTTP/1.1" 200 13990
/Users/ming/code/personal/bigbill/assets/models.py changed, reloading.
Performing system checks...

System check identified no issues (0 silenced).
April 19, 2026 - 07:51:40
Django version 6.0.4, using settings 'bigbill_project.settings'
Starting development server at http://127.0.0.1:8000/
Quit the server with CONTROL-C.

WARNING: This is a development server. Do not use it in a production setting. Use a production WSGI or ASGI server instead.
For more information on production servers see: https://docs.djangoproject.com/en/6.0/howto/deployment/
Watching for file changes with StatReloader
Exception in thread django-main-thread:
Traceback (most recent call last):
  File "/Users/ming/.local/share/uv/python/cpython-3.12.13-macos-aarch64-none/lib/python3.12/threading.py", line 1075, in _bootstrap_inner
    self.run()
  File "/Users/ming/.local/share/uv/python/cpython-3.12.13-macos-aarch64-none/lib/python3.12/threading.py", line 1012, in run
    self._target(*self._args, **self._kwargs)
  File "/Users/ming/code/personal/bigbill/.venv/lib/python3.12/site-packages/django/utils/autoreload.py", line 64, in wrapper
    fn(*args, **kwargs)
  File "/Users/ming/code/personal/bigbill/.venv/lib/python3.12/site-packages/django/core/management/commands/runserver.py", line 134, in inner_run
    self.check(**check_kwargs)
  File "/Users/ming/code/personal/bigbill/.venv/lib/python3.12/site-packages/django/core/management/base.py", line 496, in check
    all_issues = checks.run_checks(
                 ^^^^^^^^^^^^^^^^^^
  File "/Users/ming/code/personal/bigbill/.venv/lib/python3.12/site-packages/django/core/checks/registry.py", line 89, in run_checks
    new_errors = check(app_configs=app_configs, databases=databases)
                 ^^^^^^^^^^^^^^^^^^^^^^^^^^^^^^^^^^^^^^^^^^^^^^^^^^^
  File "/Users/ming/code/personal/bigbill/.venv/lib/python3.12/site-packages/django/core/checks/urls.py", line 44, in check_url_namespaces_unique
    all_namespaces = _load_all_namespaces(resolver)
                     ^^^^^^^^^^^^^^^^^^^^^^^^^^^^^^
  File "/Users/ming/code/personal/bigbill/.venv/lib/python3.12/site-packages/django/core/checks/urls.py", line 63, in _load_all_namespaces
    url_patterns = getattr(resolver, "url_patterns", [])
                   ^^^^^^^^^^^^^^^^^^^^^^^^^^^^^^^^^^^^^
  File "/Users/ming/code/personal/bigbill/.venv/lib/python3.12/site-packages/django/utils/functional.py", line 47, in __get__
    res = instance.__dict__[self.name] = self.func(instance)
                                         ^^^^^^^^^^^^^^^^^^^
  File "/Users/ming/code/personal/bigbill/.venv/lib/python3.12/site-packages/django/urls/resolvers.py", line 729, in url_patterns
    patterns = getattr(self.urlconf_module, "urlpatterns", self.urlconf_module)
                       ^^^^^^^^^^^^^^^^^^^
  File "/Users/ming/code/personal/bigbill/.venv/lib/python3.12/site-packages/django/utils/functional.py", line 47, in __get__
    res = instance.__dict__[self.name] = self.func(instance)
                                         ^^^^^^^^^^^^^^^^^^^
  File "/Users/ming/code/personal/bigbill/.venv/lib/python3.12/site-packages/django/urls/resolvers.py", line 722, in urlconf_module
    return import_module(self.urlconf_name)
           ^^^^^^^^^^^^^^^^^^^^^^^^^^^^^^^^
  File "/Users/ming/.local/share/uv/python/cpython-3.12.13-macos-aarch64-none/lib/python3.12/importlib/__init__.py", line 90, in import_module
    return _bootstrap._gcd_import(name[level:], package, level)
           ^^^^^^^^^^^^^^^^^^^^^^^^^^^^^^^^^^^^^^^^^^^^^^^^^^^^
  File "<frozen importlib._bootstrap>", line 1387, in _gcd_import
  File "<frozen importlib._bootstrap>", line 1360, in _find_and_load
  File "<frozen importlib._bootstrap>", line 1331, in _find_and_load_unlocked
  File "<frozen importlib._bootstrap>", line 935, in _load_unlocked
  File "<frozen importlib._bootstrap_external>", line 999, in exec_module
  File "<frozen importlib._bootstrap>", line 488, in _call_with_frames_removed
  File "/Users/ming/code/personal/bigbill/bigbill_project/urls.py", line 8, in <module>
    path('', include('assets.urls')),
             ^^^^^^^^^^^^^^^^^^^^^^
  File "/Users/ming/code/personal/bigbill/.venv/lib/python3.12/site-packages/django/urls/conf.py", line 39, in include
    urlconf_module = import_module(urlconf_module)
                     ^^^^^^^^^^^^^^^^^^^^^^^^^^^^^
  File "/Users/ming/.local/share/uv/python/cpython-3.12.13-macos-aarch64-none/lib/python3.12/importlib/__init__.py", line 90, in import_module
    return _bootstrap._gcd_import(name[level:], package, level)
           ^^^^^^^^^^^^^^^^^^^^^^^^^^^^^^^^^^^^^^^^^^^^^^^^^^^^
  File "<frozen importlib._bootstrap>", line 1387, in _gcd_import
  File "<frozen importlib._bootstrap>", line 1360, in _find_and_load
  File "<frozen importlib._bootstrap>", line 1331, in _find_and_load_unlocked
  File "<frozen importlib._bootstrap>", line 935, in _load_unlocked
  File "<frozen importlib._bootstrap_external>", line 999, in exec_module
  File "<frozen importlib._bootstrap>", line 488, in _call_with_frames_removed
  File "/Users/ming/code/personal/bigbill/assets/urls.py", line 3, in <module>
    from . import views
  File "/Users/ming/code/personal/bigbill/assets/views.py", line 19, in <module>
    from .models import (
ImportError: cannot import name 'CashFlow' from 'assets.models' (/Users/ming/code/personal/bigbill/assets/models.py)
/Users/ming/code/personal/bigbill/assets/views.py changed, reloading.
Performing system checks...

Watching for file changes with StatReloader
/Users/ming/code/personal/bigbill/assets/views.py changed, reloading.
Performing system checks...

System check identified no issues (0 silenced).
April 19, 2026 - 07:59:25
Django version 6.0.4, using settings 'bigbill_project.settings'
Starting development server at http://127.0.0.1:8000/
Quit the server with CONTROL-C.

WARNING: This is a development server. Do not use it in a production setting. Use a production WSGI or ASGI server instead.
For more information on production servers see: https://docs.djangoproject.com/en/6.0/howto/deployment/
Watching for file changes with StatReloader
Exception in thread django-main-thread:
Traceback (most recent call last):
  File "/Users/ming/.local/share/uv/python/cpython-3.12.13-macos-aarch64-none/lib/python3.12/threading.py", line 1075, in _bootstrap_inner
    self.run()
  File "/Users/ming/.local/share/uv/python/cpython-3.12.13-macos-aarch64-none/lib/python3.12/threading.py", line 1012, in run
    self._target(*self._args, **self._kwargs)
  File "/Users/ming/code/personal/bigbill/.venv/lib/python3.12/site-packages/django/utils/autoreload.py", line 64, in wrapper
    fn(*args, **kwargs)
  File "/Users/ming/code/personal/bigbill/.venv/lib/python3.12/site-packages/django/core/management/commands/runserver.py", line 134, in inner_run
    self.check(**check_kwargs)
  File "/Users/ming/code/personal/bigbill/.venv/lib/python3.12/site-packages/django/core/management/base.py", line 496, in check
    all_issues = checks.run_checks(
                 ^^^^^^^^^^^^^^^^^^
  File "/Users/ming/code/personal/bigbill/.venv/lib/python3.12/site-packages/django/core/checks/registry.py", line 89, in run_checks
    new_errors = check(app_configs=app_configs, databases=databases)
                 ^^^^^^^^^^^^^^^^^^^^^^^^^^^^^^^^^^^^^^^^^^^^^^^^^^^
  File "/Users/ming/code/personal/bigbill/.venv/lib/python3.12/site-packages/django/core/checks/urls.py", line 136, in check_custom_error_handlers
    handler = resolver.resolve_error_handler(status_code)
              ^^^^^^^^^^^^^^^^^^^^^^^^^^^^^^^^^^^^^^^^^^^
  File "/Users/ming/code/personal/bigbill/.venv/lib/python3.12/site-packages/django/urls/resolvers.py", line 743, in resolve_error_handler
    callback = getattr(self.urlconf_module, "handler%s" % view_type, None)
                       ^^^^^^^^^^^^^^^^^^^
  File "/Users/ming/code/personal/bigbill/.venv/lib/python3.12/site-packages/django/utils/functional.py", line 47, in __get__
    res = instance.__dict__[self.name] = self.func(instance)
                                         ^^^^^^^^^^^^^^^^^^^
  File "/Users/ming/code/personal/bigbill/.venv/lib/python3.12/site-packages/django/urls/resolvers.py", line 722, in urlconf_module
    return import_module(self.urlconf_name)
           ^^^^^^^^^^^^^^^^^^^^^^^^^^^^^^^^
  File "/Users/ming/.local/share/uv/python/cpython-3.12.13-macos-aarch64-none/lib/python3.12/importlib/__init__.py", line 90, in import_module
    return _bootstrap._gcd_import(name[level:], package, level)
           ^^^^^^^^^^^^^^^^^^^^^^^^^^^^^^^^^^^^^^^^^^^^^^^^^^^^
  File "<frozen importlib._bootstrap>", line 1387, in _gcd_import
  File "<frozen importlib._bootstrap>", line 1360, in _find_and_load
  File "<frozen importlib._bootstrap>", line 1331, in _find_and_load_unlocked
  File "<frozen importlib._bootstrap>", line 935, in _load_unlocked
  File "<frozen importlib._bootstrap_external>", line 999, in exec_module
  File "<frozen importlib._bootstrap>", line 488, in _call_with_frames_removed
  File "/Users/ming/code/personal/bigbill/bigbill_project/urls.py", line 8, in <module>
    path('', include('assets.urls')),
             ^^^^^^^^^^^^^^^^^^^^^^
  File "/Users/ming/code/personal/bigbill/.venv/lib/python3.12/site-packages/django/urls/conf.py", line 39, in include
    urlconf_module = import_module(urlconf_module)
                     ^^^^^^^^^^^^^^^^^^^^^^^^^^^^^
  File "/Users/ming/.local/share/uv/python/cpython-3.12.13-macos-aarch64-none/lib/python3.12/importlib/__init__.py", line 90, in import_module
    return _bootstrap._gcd_import(name[level:], package, level)
           ^^^^^^^^^^^^^^^^^^^^^^^^^^^^^^^^^^^^^^^^^^^^^^^^^^^^
  File "<frozen importlib._bootstrap>", line 1387, in _gcd_import
  File "<frozen importlib._bootstrap>", line 1360, in _find_and_load
  File "<frozen importlib._bootstrap>", line 1331, in _find_and_load_unlocked
  File "<frozen importlib._bootstrap>", line 935, in _load_unlocked
  File "<frozen importlib._bootstrap_external>", line 999, in exec_module
  File "<frozen importlib._bootstrap>", line 488, in _call_with_frames_removed
  File "/Users/ming/code/personal/bigbill/assets/urls.py", line 49, in <module>
    path('api/cashflow/create/', _protected(views.api_cashflow_create), name='api_cashflow_create'),
                                            ^^^^^^^^^^^^^^^^^^^^^^^^^
AttributeError: module 'assets.views' has no attribute 'api_cashflow_create'. Did you mean: 'api_cashflow_confirm'?
/Users/ming/code/personal/bigbill/assets/urls.py changed, reloading.
Performing system checks...

Watching for file changes with StatReloader
/Users/ming/code/personal/bigbill/assets/views.py changed, reloading.
Performing system checks...

System check identified no issues (0 silenced).
April 19, 2026 - 08:00:02
Django version 6.0.4, using settings 'bigbill_project.settings'
Starting development server at http://127.0.0.1:8000/
Quit the server with CONTROL-C.

WARNING: This is a development server. Do not use it in a production setting. Use a production WSGI or ASGI server instead.
For more information on production servers see: https://docs.djangoproject.com/en/6.0/howto/deployment/
Watching for file changes with StatReloader
[19/Apr/2026 08:16:11] "GET /cashflow/ HTTP/1.1" 200 12810
[19/Apr/2026 08:16:11] "GET /cashflow/ HTTP/1.1" 200 12810
[19/Apr/2026 08:16:11] "GET / HTTP/1.1" 200 25707
[19/Apr/2026 08:16:18] "GET /cashflow/ HTTP/1.1" 200 12810
[19/Apr/2026 08:16:22] "GET /cashflow/ HTTP/1.1" 200 12810
[19/Apr/2026 08:16:29] "GET /cashflow/ HTTP/1.1" 200 12810
/Users/ming/code/personal/bigbill/assets/services/cashflow.py changed, reloading.
Performing system checks...

System check identified no issues (0 silenced).
April 19, 2026 - 08:00:27
Django version 6.0.4, using settings 'bigbill_project.settings'
Starting development server at http://127.0.0.1:8000/
Quit the server with CONTROL-C.

WARNING: This is a development server. Do not use it in a production setting. Use a production WSGI or ASGI server instead.
For more information on production servers see: https://docs.djangoproject.com/en/6.0/howto/deployment/
Watching for file changes with StatReloader
[19/Apr/2026 08:17:21] "GET /cashflow/ HTTP/1.1" 200 14014
[19/Apr/2026 08:17:29] "GET / HTTP/1.1" 200 25707
[19/Apr/2026 08:17:29] "GET / HTTP/1.1" 200 25707
[19/Apr/2026 08:21:07] "GET / HTTP/1.1" 200 25707
[19/Apr/2026 08:21:07] "GET /static/assets/js/app.js HTTP/1.1" 304 0
[19/Apr/2026 08:21:07] "GET /static/assets/css/style.css HTTP/1.1" 304 0
[19/Apr/2026 08:21:09] "GET /checklist/ HTTP/1.1" 200 21827
[19/Apr/2026 08:21:10] "GET /advisor/ HTTP/1.1" 200 36309
[19/Apr/2026 08:21:11] "GET /history/ HTTP/1.1" 200 31386
[19/Apr/2026 08:21:11] "GET /api/performance/?start_date=2025-12-31&end_date=2026-04-19 HTTP/1.1" 200 232
[19/Apr/2026 08:21:11] "GET /cashflow/ HTTP/1.1" 200 14014
[19/Apr/2026 08:21:14] "GET /history/ HTTP/1.1" 200 31386
[19/Apr/2026 08:21:14] "GET /api/performance/?start_date=2025-12-31&end_date=2026-04-19 HTTP/1.1" 200 232
[19/Apr/2026 08:21:15] "GET /cashflow/ HTTP/1.1" 200 14014
[19/Apr/2026 08:21:37] "GET / HTTP/1.1" 200 25707
[19/Apr/2026 08:21:40] "GET /holdings/ HTTP/1.1" 200 68326
[19/Apr/2026 08:21:42] "GET /history/ HTTP/1.1" 200 31386
[19/Apr/2026 08:21:42] "GET /api/performance/?start_date=2025-12-31&end_date=2026-04-19 HTTP/1.1" 200 232
[19/Apr/2026 08:21:48] "DELETE /api/transaction/1/delete/ HTTP/1.1" 200 17
[19/Apr/2026 08:21:51] "DELETE /api/transaction/2/delete/ HTTP/1.1" 200 17
[19/Apr/2026 08:21:52] "GET /cashflow/ HTTP/1.1" 200 12717
[19/Apr/2026 08:21:58] "POST /api/cashflow/confirm/ HTTP/1.1" 200 26
[19/Apr/2026 08:21:58] "GET /cashflow/ HTTP/1.1" 200 12247
[19/Apr/2026 08:21:58] "GET /static/assets/css/style.css HTTP/1.1" 304 0
[19/Apr/2026 08:21:58] "GET /static/assets/js/app.js HTTP/1.1" 304 0
[19/Apr/2026 08:22:02] "GET / HTTP/1.1" 200 25276
[19/Apr/2026 08:22:05] "GET /cashflow/ HTTP/1.1" 200 12247
[19/Apr/2026 08:22:09] "GET / HTTP/1.1" 200 25276
/Users/ming/code/personal/bigbill/assets/views.py changed, reloading.
Performing system checks...

System check identified no issues (0 silenced).
April 19, 2026 - 08:17:00
Django version 6.0.4, using settings 'bigbill_project.settings'
Starting development server at http://127.0.0.1:8000/
Quit the server with CONTROL-C.

WARNING: This is a development server. Do not use it in a production setting. Use a production WSGI or ASGI server instead.
For more information on production servers see: https://docs.djangoproject.com/en/6.0/howto/deployment/
Watching for file changes with StatReloader
/Users/ming/code/personal/bigbill/assets/views.py changed, reloading.
Performing system checks...

System check identified no issues (0 silenced).
April 19, 2026 - 08:25:34
Django version 6.0.4, using settings 'bigbill_project.settings'
Starting development server at http://127.0.0.1:8000/
Quit the server with CONTROL-C.

WARNING: This is a development server. Do not use it in a production setting. Use a production WSGI or ASGI server instead.
For more information on production servers see: https://docs.djangoproject.com/en/6.0/howto/deployment/
Watching for file changes with StatReloader
/Users/ming/code/personal/bigbill/assets/views.py changed, reloading.
Performing system checks...

System check identified no issues (0 silenced).
April 19, 2026 - 08:25:45
Django version 6.0.4, using settings 'bigbill_project.settings'
Starting development server at http://127.0.0.1:8000/
Quit the server with CONTROL-C.

WARNING: This is a development server. Do not use it in a production setting. Use a production WSGI or ASGI server instead.
For more information on production servers see: https://docs.djangoproject.com/en/6.0/howto/deployment/
Watching for file changes with StatReloader
/Users/ming/code/personal/bigbill/assets/urls.py changed, reloading.
Performing system checks...

System check identified no issues (0 silenced).
April 19, 2026 - 08:26:05
Django version 6.0.4, using settings 'bigbill_project.settings'
Starting development server at http://127.0.0.1:8000/
Quit the server with CONTROL-C.

WARNING: This is a development server. Do not use it in a production setting. Use a production WSGI or ASGI server instead.
For more information on production servers see: https://docs.djangoproject.com/en/6.0/howto/deployment/
Watching for file changes with StatReloader
[19/Apr/2026 08:26:58] "GET / HTTP/1.1" 200 27478
[19/Apr/2026 08:27:05] "GET / HTTP/1.1" 200 27478
[19/Apr/2026 08:27:18] "GET / HTTP/1.1" 200 27478
[19/Apr/2026 08:27:24] "GET / HTTP/1.1" 200 27478
Forbidden (CSRF cookie not set.): /api/alert/dismiss/
[19/Apr/2026 08:27:41] "POST /api/alert/dismiss/ HTTP/1.1" 403 2786
[19/Apr/2026 08:28:02] "GET / HTTP/1.1" 200 27478
[19/Apr/2026 08:28:04] "POST /api/alert/dismiss/ HTTP/1.1" 200 17
[19/Apr/2026 08:28:05] "POST /api/alert/dismiss/ HTTP/1.1" 200 17
[19/Apr/2026 08:28:06] "POST /api/alert/dismiss/ HTTP/1.1" 200 17
[19/Apr/2026 08:28:06] "POST /api/alert/dismiss/ HTTP/1.1" 200 17
[19/Apr/2026 08:31:44] "GET /holdings/ HTTP/1.1" 200 68326
[19/Apr/2026 08:31:45] "GET / HTTP/1.1" 200 23868
[19/Apr/2026 08:31:59] "GET /history/ HTTP/1.1" 200 30415
[19/Apr/2026 08:31:59] "GET /api/performance/?start_date=2025-12-31&end_date=2026-04-19 HTTP/1.1" 200 232
[19/Apr/2026 08:32:06] "GET /advisor/ HTTP/1.1" 200 36309
[19/Apr/2026 08:32:07] "GET /history/ HTTP/1.1" 200 30415
[19/Apr/2026 08:32:07] "GET /api/performance/?start_date=2025-12-31&end_date=2026-04-19 HTTP/1.1" 200 232
[19/Apr/2026 08:32:07] "GET /cashflow/ HTTP/1.1" 200 12247
[19/Apr/2026 08:32:08] "GET /rebalance/ HTTP/1.1" 200 25490
[19/Apr/2026 08:32:09] "GET /upload/ HTTP/1.1" 200 28524
[19/Apr/2026 08:32:09] "GET /holdings/ HTTP/1.1" 200 68326
[19/Apr/2026 08:32:10] "GET / HTTP/1.1" 200 23868
[19/Apr/2026 08:32:30] "GET /cashflow/ HTTP/1.1" 200 12247
[19/Apr/2026 08:32:37] "GET /rebalance/ HTTP/1.1" 200 25490
[19/Apr/2026 08:32:38] "GET /cashflow/ HTTP/1.1" 200 12247
[19/Apr/2026 08:32:40] "GET /rebalance/ HTTP/1.1" 200 25490
[19/Apr/2026 08:32:42] "GET /cashflow/ HTTP/1.1" 200 12247
[19/Apr/2026 08:33:38] "GET /cashflow/ HTTP/1.1" 200 12247
[19/Apr/2026 08:33:43] "GET /cashflow/ HTTP/1.1" 200 12247
[19/Apr/2026 08:33:53] "GET /history/ HTTP/1.1" 200 30415
[19/Apr/2026 08:33:58] "GET /cashflow/ HTTP/1.1" 200 12247
[19/Apr/2026 08:34:26] "GET /history/ HTTP/1.1" 200 30415
[19/Apr/2026 08:34:26] "GET /api/performance/?start_date=2025-12-31&end_date=2026-04-19 HTTP/1.1" 200 232
[19/Apr/2026 08:34:26] "GET /cashflow/ HTTP/1.1" 200 12247
[19/Apr/2026 08:34:27] "GET /history/ HTTP/1.1" 200 30415
[19/Apr/2026 08:34:27] "GET /api/performance/?start_date=2025-12-31&end_date=2026-04-19 HTTP/1.1" 200 232
[19/Apr/2026 08:34:29] "GET /cashflow/ HTTP/1.1" 200 12247
[19/Apr/2026 08:34:29] "GET /rebalance/ HTTP/1.1" 200 25490
[19/Apr/2026 08:34:30] "GET /upload/ HTTP/1.1" 200 28524
[19/Apr/2026 08:34:31] "GET /holdings/ HTTP/1.1" 200 68326
[19/Apr/2026 08:34:31] "GET / HTTP/1.1" 200 23868
[19/Apr/2026 08:34:33] "GET /settings/ HTTP/1.1" 200 41668
[19/Apr/2026 08:34:33] "GET /checklist/ HTTP/1.1" 200 21827
[19/Apr/2026 08:34:34] "GET /advisor/ HTTP/1.1" 200 36309
[19/Apr/2026 08:34:34] "GET /history/ HTTP/1.1" 200 30415
[19/Apr/2026 08:34:34] "GET /api/performance/?start_date=2025-12-31&end_date=2026-04-19 HTTP/1.1" 200 232
[19/Apr/2026 08:34:35] "GET /cashflow/ HTTP/1.1" 200 12247
[19/Apr/2026 08:34:35] "GET /rebalance/ HTTP/1.1" 200 25490
[19/Apr/2026 08:34:36] "GET /upload/ HTTP/1.1" 200 28524
[19/Apr/2026 08:34:36] "GET /holdings/ HTTP/1.1" 200 68326
[19/Apr/2026 08:34:37] "GET / HTTP/1.1" 200 23868
[19/Apr/2026 08:34:45] "GET /settings/ HTTP/1.1" 200 41668
[19/Apr/2026 08:34:46] "GET /cashflow/ HTTP/1.1" 200 12228
[19/Apr/2026 08:34:51] "GET /upload/ HTTP/1.1" 200 28524
[19/Apr/2026 08:35:09] "GET /rebalance/ HTTP/1.1" 200 25490
[19/Apr/2026 08:35:09] "GET /cashflow/ HTTP/1.1" 200 12233
[19/Apr/2026 08:35:11] "GET /cashflow/ HTTP/1.1" 200 12233
[19/Apr/2026 08:35:17] "GET / HTTP/1.1" 200 23868
[19/Apr/2026 08:36:54] "GET / HTTP/1.1" 200 23868
[19/Apr/2026 08:36:55] "GET / HTTP/1.1" 200 23868
[19/Apr/2026 08:36:56] "GET /rebalance/ HTTP/1.1" 200 25490
[19/Apr/2026 08:36:57] "GET /upload/ HTTP/1.1" 200 28524
[19/Apr/2026 08:36:59] "GET /upload/ HTTP/1.1" 200 28524
[19/Apr/2026 08:37:25] "GET / HTTP/1.1" 200 23868
[19/Apr/2026 08:37:26] "GET /holdings/ HTTP/1.1" 200 68326
/Users/ming/code/personal/bigbill/assets/urls.py changed, reloading.
Performing system checks...

System check identified no issues (0 silenced).
April 19, 2026 - 08:26:16
Django version 6.0.4, using settings 'bigbill_project.settings'
Starting development server at http://127.0.0.1:8000/
Quit the server with CONTROL-C.

WARNING: This is a development server. Do not use it in a production setting. Use a production WSGI or ASGI server instead.
For more information on production servers see: https://docs.djangoproject.com/en/6.0/howto/deployment/
Watching for file changes with StatReloader
Exception in thread django-main-thread:
Traceback (most recent call last):
  File "/Users/ming/.local/share/uv/python/cpython-3.12.13-macos-aarch64-none/lib/python3.12/threading.py", line 1075, in _bootstrap_inner
    self.run()
  File "/Users/ming/.local/share/uv/python/cpython-3.12.13-macos-aarch64-none/lib/python3.12/threading.py", line 1012, in run
    self._target(*self._args, **self._kwargs)
  File "/Users/ming/code/personal/bigbill/.venv/lib/python3.12/site-packages/django/utils/autoreload.py", line 64, in wrapper
    fn(*args, **kwargs)
  File "/Users/ming/code/personal/bigbill/.venv/lib/python3.12/site-packages/django/core/management/commands/runserver.py", line 134, in inner_run
    self.check(**check_kwargs)
  File "/Users/ming/code/personal/bigbill/.venv/lib/python3.12/site-packages/django/core/management/base.py", line 496, in check
    all_issues = checks.run_checks(
                 ^^^^^^^^^^^^^^^^^^
  File "/Users/ming/code/personal/bigbill/.venv/lib/python3.12/site-packages/django/core/checks/registry.py", line 89, in run_checks
    new_errors = check(app_configs=app_configs, databases=databases)
                 ^^^^^^^^^^^^^^^^^^^^^^^^^^^^^^^^^^^^^^^^^^^^^^^^^^^
  File "/Users/ming/code/personal/bigbill/.venv/lib/python3.12/site-packages/django/core/checks/urls.py", line 136, in check_custom_error_handlers
    handler = resolver.resolve_error_handler(status_code)
              ^^^^^^^^^^^^^^^^^^^^^^^^^^^^^^^^^^^^^^^^^^^
  File "/Users/ming/code/personal/bigbill/.venv/lib/python3.12/site-packages/django/urls/resolvers.py", line 743, in resolve_error_handler
    callback = getattr(self.urlconf_module, "handler%s" % view_type, None)
                       ^^^^^^^^^^^^^^^^^^^
  File "/Users/ming/code/personal/bigbill/.venv/lib/python3.12/site-packages/django/utils/functional.py", line 47, in __get__
    res = instance.__dict__[self.name] = self.func(instance)
                                         ^^^^^^^^^^^^^^^^^^^
  File "/Users/ming/code/personal/bigbill/.venv/lib/python3.12/site-packages/django/urls/resolvers.py", line 722, in urlconf_module
    return import_module(self.urlconf_name)
           ^^^^^^^^^^^^^^^^^^^^^^^^^^^^^^^^
  File "/Users/ming/.local/share/uv/python/cpython-3.12.13-macos-aarch64-none/lib/python3.12/importlib/__init__.py", line 90, in import_module
    return _bootstrap._gcd_import(name[level:], package, level)
           ^^^^^^^^^^^^^^^^^^^^^^^^^^^^^^^^^^^^^^^^^^^^^^^^^^^^
  File "<frozen importlib._bootstrap>", line 1387, in _gcd_import
  File "<frozen importlib._bootstrap>", line 1360, in _find_and_load
  File "<frozen importlib._bootstrap>", line 1331, in _find_and_load_unlocked
  File "<frozen importlib._bootstrap>", line 935, in _load_unlocked
  File "<frozen importlib._bootstrap_external>", line 999, in exec_module
  File "<frozen importlib._bootstrap>", line 488, in _call_with_frames_removed
  File "/Users/ming/code/personal/bigbill/bigbill_project/urls.py", line 8, in <module>
    path('', include('assets.urls')),
             ^^^^^^^^^^^^^^^^^^^^^^
  File "/Users/ming/code/personal/bigbill/.venv/lib/python3.12/site-packages/django/urls/conf.py", line 39, in include
    urlconf_module = import_module(urlconf_module)
                     ^^^^^^^^^^^^^^^^^^^^^^^^^^^^^
  File "/Users/ming/.local/share/uv/python/cpython-3.12.13-macos-aarch64-none/lib/python3.12/importlib/__init__.py", line 90, in import_module
    return _bootstrap._gcd_import(name[level:], package, level)
           ^^^^^^^^^^^^^^^^^^^^^^^^^^^^^^^^^^^^^^^^^^^^^^^^^^^^
  File "<frozen importlib._bootstrap>", line 1387, in _gcd_import
  File "<frozen importlib._bootstrap>", line 1360, in _find_and_load
  File "<frozen importlib._bootstrap>", line 1331, in _find_and_load_unlocked
  File "<frozen importlib._bootstrap>", line 935, in _load_unlocked
  File "<frozen importlib._bootstrap_external>", line 999, in exec_module
  File "<frozen importlib._bootstrap>", line 488, in _call_with_frames_removed
  File "/Users/ming/code/personal/bigbill/assets/urls.py", line 26, in <module>
    path('assets/', _protected(views.asset_list_page), name='asset_list'),
                               ^^^^^^^^^^^^^^^^^^^^^
AttributeError: module 'assets.views' has no attribute 'asset_list_page'. Did you mean: 'checklist_page'?
/Users/ming/code/personal/bigbill/assets/views.py changed, reloading.
Performing system checks...

Watching for file changes with StatReloader
Internal Server Error: /assets/
Traceback (most recent call last):
  File "/Users/ming/code/personal/bigbill/.venv/lib/python3.12/site-packages/django/core/handlers/exception.py", line 55, in inner
    response = get_response(request)
               ^^^^^^^^^^^^^^^^^^^^^
  File "/Users/ming/code/personal/bigbill/.venv/lib/python3.12/site-packages/django/core/handlers/base.py", line 198, in _get_response
    response = wrapped_callback(request, *callback_args, **callback_kwargs)
               ^^^^^^^^^^^^^^^^^^^^^^^^^^^^^^^^^^^^^^^^^^^^^^^^^^^^^^^^^^^^
  File "/Users/ming/code/personal/bigbill/assets/views.py", line 1267, in asset_list_page
    total_buy=Sum('amount', filter=models.Q(action='buy')),
                                   ^^^^^^
NameError: name 'models' is not defined
[19/Apr/2026 08:48:40] "GET /assets/ HTTP/1.1" 500 66551
Internal Server Error: /assets/
Traceback (most recent call last):
  File "/Users/ming/code/personal/bigbill/.venv/lib/python3.12/site-packages/django/core/handlers/exception.py", line 55, in inner
    response = get_response(request)
               ^^^^^^^^^^^^^^^^^^^^^
  File "/Users/ming/code/personal/bigbill/.venv/lib/python3.12/site-packages/django/core/handlers/base.py", line 198, in _get_response
    response = wrapped_callback(request, *callback_args, **callback_kwargs)
               ^^^^^^^^^^^^^^^^^^^^^^^^^^^^^^^^^^^^^^^^^^^^^^^^^^^^^^^^^^^^
  File "/Users/ming/code/personal/bigbill/assets/views.py", line 1267, in asset_list_page
    total_buy=Sum('amount', filter=models.Q(action='buy')),
                                   ^^^^^^
NameError: name 'models' is not defined
[19/Apr/2026 08:48:44] "GET /assets/ HTTP/1.1" 500 66551
[19/Apr/2026 08:48:49] "GET /holdings/ HTTP/1.1" 200 70366
Internal Server Error: /assets/
Traceback (most recent call last):
  File "/Users/ming/code/personal/bigbill/.venv/lib/python3.12/site-packages/django/core/handlers/exception.py", line 55, in inner
    response = get_response(request)
               ^^^^^^^^^^^^^^^^^^^^^
  File "/Users/ming/code/personal/bigbill/.venv/lib/python3.12/site-packages/django/core/handlers/base.py", line 198, in _get_response
    response = wrapped_callback(request, *callback_args, **callback_kwargs)
               ^^^^^^^^^^^^^^^^^^^^^^^^^^^^^^^^^^^^^^^^^^^^^^^^^^^^^^^^^^^^
  File "/Users/ming/code/personal/bigbill/assets/views.py", line 1267, in asset_list_page
    total_buy=Sum('amount', filter=models.Q(action='buy')),
                                   ^^^^^^
NameError: name 'models' is not defined
[19/Apr/2026 08:48:49] "GET /assets/ HTTP/1.1" 500 66551
[19/Apr/2026 08:48:52] "GET / HTTP/1.1" 200 24140
[19/Apr/2026 08:48:53] "GET /holdings/ HTTP/1.1" 200 70366
[19/Apr/2026 08:48:55] "GET /assets/25/ HTTP/1.1" 200 13551
/Users/ming/code/personal/bigbill/assets/views.py changed, reloading.
Performing system checks...

System check identified no issues (0 silenced).
April 19, 2026 - 08:46:19
Django version 6.0.4, using settings 'bigbill_project.settings'
Starting development server at http://127.0.0.1:8000/
Quit the server with CONTROL-C.

WARNING: This is a development server. Do not use it in a production setting. Use a production WSGI or ASGI server instead.
For more information on production servers see: https://docs.djangoproject.com/en/6.0/howto/deployment/
Watching for file changes with StatReloader
[19/Apr/2026 08:49:08] "GET /assets/ HTTP/1.1" 200 29092
[19/Apr/2026 08:49:08] "GET /assets/ HTTP/1.1" 200 29092
[19/Apr/2026 08:49:24] "GET / HTTP/1.1" 200 24140
[19/Apr/2026 08:49:29] "GET /holdings/ HTTP/1.1" 200 70366
[19/Apr/2026 08:49:30] "GET /assets/25/ HTTP/1.1" 200 13551
[19/Apr/2026 08:49:44] "GET /assets/ HTTP/1.1" 200 29092
[19/Apr/2026 08:49:46] "GET /assets/27/ HTTP/1.1" 200 13367
[19/Apr/2026 09:03:10] "GET /assets/25/ HTTP/1.1" 200 13551
[19/Apr/2026 09:03:15] "GET /assets/25/ HTTP/1.1" 200 13551
[19/Apr/2026 09:03:36] "GET /assets/by-name/?name=%E6%8B%9B%E9%93%B6%E7%90%86%E8%B4%A2%E6%97%A5%E6%97%A5%E9%87%9198%E5%8F%B7A HTTP/1.1" 302 0
[19/Apr/2026 09:03:41] "GET /assets/by-name/?name=SoldAssetTest HTTP/1.1" 200 7232
[19/Apr/2026 09:03:46] "GET /assets/by-name/?name=SoldAssetTest HTTP/1.1" 200 7232
[19/Apr/2026 09:03:51] "GET /holdings/ HTTP/1.1" 200 70366
[19/Apr/2026 09:03:52] "GET / HTTP/1.1" 200 24140
[19/Apr/2026 09:04:07] "GET /holdings/ HTTP/1.1" 200 70366
[19/Apr/2026 09:04:11] "GET / HTTP/1.1" 200 24140
[19/Apr/2026 09:04:23] "GET / HTTP/1.1" 200 24140
[19/Apr/2026 09:04:24] "GET /holdings/ HTTP/1.1" 200 70366
[19/Apr/2026 09:04:25] "GET / HTTP/1.1" 200 24140
[19/Apr/2026 09:04:25] "GET /upload/ HTTP/1.1" 200 28700
[19/Apr/2026 09:04:25] "GET /upload/ HTTP/1.1" 200 28700
[19/Apr/2026 09:04:26] "GET /holdings/ HTTP/1.1" 200 70366
[19/Apr/2026 09:04:26] "GET / HTTP/1.1" 200 24140
[19/Apr/2026 09:05:31] "GET / HTTP/1.1" 200 24143
[19/Apr/2026 09:05:35] "GET /cashflow/ HTTP/1.1" 200 12368
[19/Apr/2026 09:05:37] "GET /assets/ HTTP/1.1" 200 29092
[19/Apr/2026 09:05:39] "GET /assets/25/ HTTP/1.1" 200 13551
[19/Apr/2026 09:08:30] "GET /cashflow/ HTTP/1.1" 200 12368
[19/Apr/2026 09:08:31] "GET /history/ HTTP/1.1" 200 30687
[19/Apr/2026 09:08:31] "GET /api/performance/?start_date=2025-12-31&end_date=2026-04-19 HTTP/1.1" 200 232
[19/Apr/2026 09:08:35] "GET /advisor/ HTTP/1.1" 200 36485
[19/Apr/2026 09:08:37] "GET /checklist/ HTTP/1.1" 200 22003
[19/Apr/2026 09:08:37] "GET /advisor/ HTTP/1.1" 200 36485
[19/Apr/2026 09:08:38] "GET /checklist/ HTTP/1.1" 200 22003
[19/Apr/2026 09:08:38] "GET /settings/ HTTP/1.1" 200 41844
/Users/ming/code/personal/bigbill/assets/views.py changed, reloading.
Performing system checks...

System check identified no issues (0 silenced).
April 19, 2026 - 08:49:04
Django version 6.0.4, using settings 'bigbill_project.settings'
Starting development server at http://127.0.0.1:8000/
Quit the server with CONTROL-C.

WARNING: This is a development server. Do not use it in a production setting. Use a production WSGI or ASGI server instead.
For more information on production servers see: https://docs.djangoproject.com/en/6.0/howto/deployment/
Watching for file changes with StatReloader
[19/Apr/2026 09:09:40] "GET /upload/ HTTP/1.1" 200 28700
[19/Apr/2026 09:09:41] "GET /holdings/ HTTP/1.1" 200 70366
Internal Server Error: /assets/25/
Traceback (most recent call last):
  File "/Users/ming/code/personal/bigbill/.venv/lib/python3.12/site-packages/django/core/handlers/exception.py", line 55, in inner
    response = get_response(request)
               ^^^^^^^^^^^^^^^^^^^^^
  File "/Users/ming/code/personal/bigbill/.venv/lib/python3.12/site-packages/django/core/handlers/base.py", line 198, in _get_response
    response = wrapped_callback(request, *callback_args, **callback_kwargs)
               ^^^^^^^^^^^^^^^^^^^^^^^^^^^^^^^^^^^^^^^^^^^^^^^^^^^^^^^^^^^^
  File "/Users/ming/code/personal/bigbill/assets/views.py", line 1308, in asset_detail_page
    return _render_asset_detail(request, holding=holding, asset_name=holding.name)
           ^^^^^^^^^^^^^^^^^^^^^^^^^^^^^^^^^^^^^^^^^^^^^^^^^^^^^^^^^^^^^^^^^^^^^^^
  File "/Users/ming/code/personal/bigbill/assets/views.py", line 1379, in _render_asset_detail
    'cost_total': holding.cost_price * holding.quantity,
                  ~~~~~~~~~~~~~~~~~~~^~~~~~~~~~~~~~~~~~
TypeError: unsupported operand type(s) for *: 'NoneType' and 'decimal.Decimal'
[19/Apr/2026 09:09:41] "GET /assets/25/ HTTP/1.1" 500 100897
/Users/ming/code/personal/bigbill/assets/views.py changed, reloading.
Performing system checks...

System check identified no issues (0 silenced).
April 19, 2026 - 09:09:27
Django version 6.0.4, using settings 'bigbill_project.settings'
Starting development server at http://127.0.0.1:8000/
Quit the server with CONTROL-C.

WARNING: This is a development server. Do not use it in a production setting. Use a production WSGI or ASGI server instead.
For more information on production servers see: https://docs.djangoproject.com/en/6.0/howto/deployment/
Watching for file changes with StatReloader
[19/Apr/2026 09:10:05] "GET /assets/25/ HTTP/1.1" 200 13574
[19/Apr/2026 09:10:33] "GET /assets/ HTTP/1.1" 200 29092
[19/Apr/2026 09:10:35] "GET /assets/ HTTP/1.1" 200 29092
[19/Apr/2026 09:11:39] "GET /holdings/ HTTP/1.1" 200 70366
/Users/ming/code/personal/bigbill/assets/services/advisor.py changed, reloading.
Performing system checks...

System check identified no issues (0 silenced).
April 19, 2026 - 09:09:58
Django version 6.0.4, using settings 'bigbill_project.settings'
Starting development server at http://127.0.0.1:8000/
Quit the server with CONTROL-C.

WARNING: This is a development server. Do not use it in a production setting. Use a production WSGI or ASGI server instead.
For more information on production servers see: https://docs.djangoproject.com/en/6.0/howto/deployment/
Watching for file changes with StatReloader
/Users/ming/code/personal/bigbill/assets/services/advisor.py changed, reloading.
Performing system checks...

System check identified no issues (0 silenced).
April 19, 2026 - 09:16:55
Django version 6.0.4, using settings 'bigbill_project.settings'
Starting development server at http://127.0.0.1:8000/
Quit the server with CONTROL-C.

WARNING: This is a development server. Do not use it in a production setting. Use a production WSGI or ASGI server instead.
For more information on production servers see: https://docs.djangoproject.com/en/6.0/howto/deployment/
Watching for file changes with StatReloader
/Users/ming/code/personal/bigbill/assets/services/advisor.py changed, reloading.
Performing system checks...

System check identified no issues (0 silenced).
April 19, 2026 - 09:17:07
Django version 6.0.4, using settings 'bigbill_project.settings'
Starting development server at http://127.0.0.1:8000/
Quit the server with CONTROL-C.

WARNING: This is a development server. Do not use it in a production setting. Use a production WSGI or ASGI server instead.
For more information on production servers see: https://docs.djangoproject.com/en/6.0/howto/deployment/
Watching for file changes with StatReloader
/Users/ming/code/personal/bigbill/assets/views.py changed, reloading.
Performing system checks...

System check identified no issues (0 silenced).
April 19, 2026 - 09:17:16
Django version 6.0.4, using settings 'bigbill_project.settings'
Starting development server at http://127.0.0.1:8000/
Quit the server with CONTROL-C.

WARNING: This is a development server. Do not use it in a production setting. Use a production WSGI or ASGI server instead.
For more information on production servers see: https://docs.djangoproject.com/en/6.0/howto/deployment/
Watching for file changes with StatReloader
/Users/ming/code/personal/bigbill/assets/views.py changed, reloading.
Performing system checks...

System check identified no issues (0 silenced).
April 19, 2026 - 09:17:31
Django version 6.0.4, using settings 'bigbill_project.settings'
Starting development server at http://127.0.0.1:8000/
Quit the server with CONTROL-C.

WARNING: This is a development server. Do not use it in a production setting. Use a production WSGI or ASGI server instead.
For more information on production servers see: https://docs.djangoproject.com/en/6.0/howto/deployment/
Watching for file changes with StatReloader
/Users/ming/code/personal/bigbill/assets/urls.py changed, reloading.
Performing system checks...

System check identified no issues (0 silenced).
April 19, 2026 - 09:17:53
Django version 6.0.4, using settings 'bigbill_project.settings'
Starting development server at http://127.0.0.1:8000/
Quit the server with CONTROL-C.

WARNING: This is a development server. Do not use it in a production setting. Use a production WSGI or ASGI server instead.
For more information on production servers see: https://docs.djangoproject.com/en/6.0/howto/deployment/
Watching for file changes with StatReloader
/Users/ming/code/personal/bigbill/assets/views.py changed, reloading.
Performing system checks...

System check identified no issues (0 silenced).
April 19, 2026 - 09:17:58
Django version 6.0.4, using settings 'bigbill_project.settings'
Starting development server at http://127.0.0.1:8000/
Quit the server with CONTROL-C.

WARNING: This is a development server. Do not use it in a production setting. Use a production WSGI or ASGI server instead.
For more information on production servers see: https://docs.djangoproject.com/en/6.0/howto/deployment/
Watching for file changes with StatReloader
[19/Apr/2026 09:19:19] "GET /holdings/ HTTP/1.1" 200 70366
[19/Apr/2026 09:19:20] "GET /assets/25/ HTTP/1.1" 200 19778
[19/Apr/2026 09:19:49] "POST /api/asset/evaluate/ HTTP/1.1" 200 4963
/Users/ming/code/personal/bigbill/assets/models.py changed, reloading.
Performing system checks...

System check identified no issues (0 silenced).
April 19, 2026 - 09:18:13
Django version 6.0.4, using settings 'bigbill_project.settings'
Starting development server at http://127.0.0.1:8000/
Quit the server with CONTROL-C.

WARNING: This is a development server. Do not use it in a production setting. Use a production WSGI or ASGI server instead.
For more information on production servers see: https://docs.djangoproject.com/en/6.0/howto/deployment/
Watching for file changes with StatReloader
/Users/ming/code/personal/bigbill/assets/services/advisor.py changed, reloading.
Performing system checks...

System check identified no issues (0 silenced).
April 19, 2026 - 09:22:39
Django version 6.0.4, using settings 'bigbill_project.settings'
Starting development server at http://127.0.0.1:8000/
Quit the server with CONTROL-C.

WARNING: This is a development server. Do not use it in a production setting. Use a production WSGI or ASGI server instead.
For more information on production servers see: https://docs.djangoproject.com/en/6.0/howto/deployment/
Watching for file changes with StatReloader
/Users/ming/code/personal/bigbill/assets/services/advisor.py changed, reloading.
Performing system checks...

System check identified no issues (0 silenced).
April 19, 2026 - 09:23:26
Django version 6.0.4, using settings 'bigbill_project.settings'
Starting development server at http://127.0.0.1:8000/
Quit the server with CONTROL-C.

WARNING: This is a development server. Do not use it in a production setting. Use a production WSGI or ASGI server instead.
For more information on production servers see: https://docs.djangoproject.com/en/6.0/howto/deployment/
Watching for file changes with StatReloader
/Users/ming/code/personal/bigbill/assets/services/advisor.py changed, reloading.
Performing system checks...

System check identified no issues (0 silenced).
April 19, 2026 - 09:23:44
Django version 6.0.4, using settings 'bigbill_project.settings'
Starting development server at http://127.0.0.1:8000/
Quit the server with CONTROL-C.

WARNING: This is a development server. Do not use it in a production setting. Use a production WSGI or ASGI server instead.
For more information on production servers see: https://docs.djangoproject.com/en/6.0/howto/deployment/
Watching for file changes with StatReloader
/Users/ming/code/personal/bigbill/assets/views.py changed, reloading.
Performing system checks...

System check identified no issues (0 silenced).
April 19, 2026 - 09:23:53
Django version 6.0.4, using settings 'bigbill_project.settings'
Starting development server at http://127.0.0.1:8000/
Quit the server with CONTROL-C.

WARNING: This is a development server. Do not use it in a production setting. Use a production WSGI or ASGI server instead.
For more information on production servers see: https://docs.djangoproject.com/en/6.0/howto/deployment/
Watching for file changes with StatReloader
/Users/ming/code/personal/bigbill/assets/views.py changed, reloading.
Performing system checks...

System check identified no issues (0 silenced).
April 19, 2026 - 09:24:00
Django version 6.0.4, using settings 'bigbill_project.settings'
Starting development server at http://127.0.0.1:8000/
Quit the server with CONTROL-C.

WARNING: This is a development server. Do not use it in a production setting. Use a production WSGI or ASGI server instead.
For more information on production servers see: https://docs.djangoproject.com/en/6.0/howto/deployment/
Watching for file changes with StatReloader
/Users/ming/code/personal/bigbill/assets/views.py changed, reloading.
Performing system checks...

System check identified no issues (0 silenced).
April 19, 2026 - 09:24:33
Django version 6.0.4, using settings 'bigbill_project.settings'
Starting development server at http://127.0.0.1:8000/
Quit the server with CONTROL-C.

WARNING: This is a development server. Do not use it in a production setting. Use a production WSGI or ASGI server instead.
For more information on production servers see: https://docs.djangoproject.com/en/6.0/howto/deployment/
Watching for file changes with StatReloader
[19/Apr/2026 09:25:34] "GET /upload/ HTTP/1.1" 200 28700
[19/Apr/2026 09:25:34] "GET /rebalance/ HTTP/1.1" 200 25666
[19/Apr/2026 09:25:50] "GET /settings/ HTTP/1.1" 200 41844
[19/Apr/2026 09:26:04] "GET /rebalance/ HTTP/1.1" 200 25666
[19/Apr/2026 09:26:07] "GET /settings/ HTTP/1.1" 200 41844
[19/Apr/2026 09:26:12] "POST /api/settings/save/ HTTP/1.1" 200 17
[19/Apr/2026 09:26:16] "GET /rebalance/ HTTP/1.1" 200 25697
[19/Apr/2026 09:26:58] "GET /assets/ HTTP/1.1" 200 29092
[19/Apr/2026 09:27:15] "GET /holdings/ HTTP/1.1" 200 70368
[19/Apr/2026 09:27:16] "GET /assets/25/ HTTP/1.1" 200 21007
[19/Apr/2026 09:27:43] "POST /api/asset/evaluate/ HTTP/1.1" 200 4334
[19/Apr/2026 09:27:47] "GET /assets/25/ HTTP/1.1" 200 23635
[19/Apr/2026 09:28:25] "GET /assets/25/ HTTP/1.1" 200 23635
[19/Apr/2026 09:28:32] "GET /advisor/ HTTP/1.1" 200 36485
[19/Apr/2026 09:28:54] "GET /assets/ HTTP/1.1" 200 29092
[19/Apr/2026 09:28:56] "GET /assets/27/ HTTP/1.1" 200 20807
[19/Apr/2026 09:29:26] "POST /api/asset/evaluate/ HTTP/1.1" 200 4522
[19/Apr/2026 09:30:11] "GET /assets/27/ HTTP/1.1" 200 23538
[19/Apr/2026 09:30:43] "GET /cashflow/ HTTP/1.1" 200 12368
[19/Apr/2026 09:30:46] "GET /history/ HTTP/1.1" 200 30688
[19/Apr/2026 09:30:46] "GET /api/performance/?start_date=2025-12-31&end_date=2026-04-19 HTTP/1.1" 200 232
[19/Apr/2026 09:30:47] "GET /advisor/ HTTP/1.1" 200 36485
[19/Apr/2026 09:31:00] "GET /holdings/ HTTP/1.1" 200 70368
[19/Apr/2026 09:31:05] "GET /assets/90/ HTTP/1.1" 200 20777
[19/Apr/2026 09:31:32] "POST /api/asset/evaluate/ HTTP/1.1" 200 4291
[19/Apr/2026 09:31:55,173] - Broken pipe from ('127.0.0.1', 51849)
/Users/ming/code/personal/bigbill/assets/models.py changed, reloading.
Performing system checks...

System check identified no issues (0 silenced).
April 19, 2026 - 09:24:54
Django version 6.0.4, using settings 'bigbill_project.settings'
Starting development server at http://127.0.0.1:8000/
Quit the server with CONTROL-C.

WARNING: This is a development server. Do not use it in a production setting. Use a production WSGI or ASGI server instead.
For more information on production servers see: https://docs.djangoproject.com/en/6.0/howto/deployment/
Watching for file changes with StatReloader
/Users/ming/code/personal/bigbill/assets/views.py changed, reloading.
Performing system checks...

System check identified no issues (0 silenced).
April 19, 2026 - 09:34:26
Django version 6.0.4, using settings 'bigbill_project.settings'
Starting development server at http://127.0.0.1:8000/
Quit the server with CONTROL-C.

WARNING: This is a development server. Do not use it in a production setting. Use a production WSGI or ASGI server instead.
For more information on production servers see: https://docs.djangoproject.com/en/6.0/howto/deployment/
Watching for file changes with StatReloader
/Users/ming/code/personal/bigbill/assets/models.py changed, reloading.
Performing system checks...

System check identified no issues (0 silenced).
April 19, 2026 - 09:34:56
Django version 6.0.4, using settings 'bigbill_project.settings'
Starting development server at http://127.0.0.1:8000/
Quit the server with CONTROL-C.

WARNING: This is a development server. Do not use it in a production setting. Use a production WSGI or ASGI server instead.
For more information on production servers see: https://docs.djangoproject.com/en/6.0/howto/deployment/
Watching for file changes with StatReloader
[19/Apr/2026 09:35:54] "GET / HTTP/1.1" 200 26031
[19/Apr/2026 09:36:02] "POST /api/alert/dismiss/ HTTP/1.1" 200 17
[19/Apr/2026 09:36:03] "POST /api/alert/dismiss/ HTTP/1.1" 200 17
[19/Apr/2026 09:36:16] "GET /holdings/ HTTP/1.1" 200 70374
[19/Apr/2026 09:36:18] "GET /assets/25/ HTTP/1.1" 200 24811
[19/Apr/2026 09:36:23] "GET /holdings/ HTTP/1.1" 200 70374
[19/Apr/2026 09:36:25] "GET /assets/33/ HTTP/1.1" 200 21897
[19/Apr/2026 09:37:02] "GET /holdings/ HTTP/1.1" 200 70374
[19/Apr/2026 09:37:03] "GET /holdings/ HTTP/1.1" 200 70374
[19/Apr/2026 09:37:04] "GET /assets/25/ HTTP/1.1" 200 24811
[19/Apr/2026 09:37:08] "GET /assets/ HTTP/1.1" 200 29085
[19/Apr/2026 09:37:09] "GET /assets/33/ HTTP/1.1" 200 21897
/Users/ming/code/personal/bigbill/assets/views.py changed, reloading.
Performing system checks...

System check identified no issues (0 silenced).
April 19, 2026 - 09:35:37
Django version 6.0.4, using settings 'bigbill_project.settings'
Starting development server at http://127.0.0.1:8000/
Quit the server with CONTROL-C.

WARNING: This is a development server. Do not use it in a production setting. Use a production WSGI or ASGI server instead.
For more information on production servers see: https://docs.djangoproject.com/en/6.0/howto/deployment/
Watching for file changes with StatReloader
[19/Apr/2026 09:37:28] "GET /assets/33/ HTTP/1.1" 200 21902
[19/Apr/2026 09:37:30] "GET /rebalance/ HTTP/1.1" 200 26295
[19/Apr/2026 09:37:31] "GET /assets/ HTTP/1.1" 200 29085
[19/Apr/2026 09:37:32] "GET /assets/25/ HTTP/1.1" 200 24817
/Users/ming/code/personal/bigbill/assets/views.py changed, reloading.
Performing system checks...

System check identified no issues (0 silenced).
April 19, 2026 - 09:37:11
Django version 6.0.4, using settings 'bigbill_project.settings'
Starting development server at http://127.0.0.1:8000/
Quit the server with CONTROL-C.

WARNING: This is a development server. Do not use it in a production setting. Use a production WSGI or ASGI server instead.
For more information on production servers see: https://docs.djangoproject.com/en/6.0/howto/deployment/
Watching for file changes with StatReloader
/Users/ming/code/personal/bigbill/assets/views.py changed, reloading.
Performing system checks...

System check identified no issues (0 silenced).
April 19, 2026 - 09:39:18
Django version 6.0.4, using settings 'bigbill_project.settings'
Starting development server at http://127.0.0.1:8000/
Quit the server with CONTROL-C.

WARNING: This is a development server. Do not use it in a production setting. Use a production WSGI or ASGI server instead.
For more information on production servers see: https://docs.djangoproject.com/en/6.0/howto/deployment/
Watching for file changes with StatReloader
/Users/ming/code/personal/bigbill/assets/views.py changed, reloading.
Performing system checks...

System check identified no issues (0 silenced).
April 19, 2026 - 09:39:24
Django version 6.0.4, using settings 'bigbill_project.settings'
Starting development server at http://127.0.0.1:8000/
Quit the server with CONTROL-C.

WARNING: This is a development server. Do not use it in a production setting. Use a production WSGI or ASGI server instead.
For more information on production servers see: https://docs.djangoproject.com/en/6.0/howto/deployment/
Watching for file changes with StatReloader
[19/Apr/2026 09:42:32] "GET /assets/25/ HTTP/1.1" 200 31552
[19/Apr/2026 09:43:26] "GET /rebalance/ HTTP/1.1" 200 26295
[19/Apr/2026 09:44:32] "GET /cashflow/ HTTP/1.1" 200 12368
[19/Apr/2026 09:44:32] "GET /assets/ HTTP/1.1" 200 29085
[19/Apr/2026 09:44:35] "GET /cashflow/ HTTP/1.1" 200 12368
[19/Apr/2026 09:44:36] "GET /assets/ HTTP/1.1" 200 29085
[19/Apr/2026 09:44:37] "GET /holdings/ HTTP/1.1" 200 70374
[19/Apr/2026 09:44:38] "GET /assets/ HTTP/1.1" 200 29085
[19/Apr/2026 09:44:48] "GET /assets/19/ HTTP/1.1" 200 19587
[19/Apr/2026 09:44:55] "GET /assets/ HTTP/1.1" 200 29085
[19/Apr/2026 09:44:58] "GET /assets/17/ HTTP/1.1" 200 19590
/Users/ming/code/personal/bigbill/assets/services/rebalance.py changed, reloading.
Performing system checks...

System check identified no issues (0 silenced).
April 19, 2026 - 09:40:59
Django version 6.0.4, using settings 'bigbill_project.settings'
Starting development server at http://127.0.0.1:8000/
Quit the server with CONTROL-C.

WARNING: This is a development server. Do not use it in a production setting. Use a production WSGI or ASGI server instead.
For more information on production servers see: https://docs.djangoproject.com/en/6.0/howto/deployment/
Watching for file changes with StatReloader
/Users/ming/code/personal/bigbill/assets/views.py changed, reloading.
Performing system checks...

System check identified no issues (0 silenced).
April 19, 2026 - 09:45:47
Django version 6.0.4, using settings 'bigbill_project.settings'
Starting development server at http://127.0.0.1:8000/
Quit the server with CONTROL-C.

WARNING: This is a development server. Do not use it in a production setting. Use a production WSGI or ASGI server instead.
For more information on production servers see: https://docs.djangoproject.com/en/6.0/howto/deployment/
Watching for file changes with StatReloader
/Users/ming/code/personal/bigbill/assets/views.py changed, reloading.
Performing system checks...

System check identified no issues (0 silenced).
April 19, 2026 - 09:45:53
Django version 6.0.4, using settings 'bigbill_project.settings'
Starting development server at http://127.0.0.1:8000/
Quit the server with CONTROL-C.

WARNING: This is a development server. Do not use it in a production setting. Use a production WSGI or ASGI server instead.
For more information on production servers see: https://docs.djangoproject.com/en/6.0/howto/deployment/
Watching for file changes with StatReloader
[19/Apr/2026 09:46:59] "GET /rebalance/ HTTP/1.1" 200 53308
[19/Apr/2026 09:46:59] "GET /static/assets/css/style.css HTTP/1.1" 304 0
[19/Apr/2026 09:49:45] "GET / HTTP/1.1" 200 24148
[19/Apr/2026 09:49:47] "GET /holdings/ HTTP/1.1" 200 70374
[19/Apr/2026 09:50:14] "GET /rebalance/ HTTP/1.1" 200 53308
/Users/ming/code/personal/bigbill/assets/services/advisor.py changed, reloading.
Performing system checks...

System check identified no issues (0 silenced).
April 19, 2026 - 09:46:05
Django version 6.0.4, using settings 'bigbill_project.settings'
Starting development server at http://127.0.0.1:8000/
Quit the server with CONTROL-C.

WARNING: This is a development server. Do not use it in a production setting. Use a production WSGI or ASGI server instead.
For more information on production servers see: https://docs.djangoproject.com/en/6.0/howto/deployment/
Watching for file changes with StatReloader
/Users/ming/code/personal/bigbill/assets/views.py changed, reloading.
Performing system checks...

System check identified no issues (0 silenced).
April 19, 2026 - 09:52:25
Django version 6.0.4, using settings 'bigbill_project.settings'
Starting development server at http://127.0.0.1:8000/
Quit the server with CONTROL-C.

WARNING: This is a development server. Do not use it in a production setting. Use a production WSGI or ASGI server instead.
For more information on production servers see: https://docs.djangoproject.com/en/6.0/howto/deployment/
Watching for file changes with StatReloader
/Users/ming/code/personal/bigbill/assets/urls.py changed, reloading.
Performing system checks...

System check identified no issues (0 silenced).
April 19, 2026 - 09:52:55
Django version 6.0.4, using settings 'bigbill_project.settings'
Starting development server at http://127.0.0.1:8000/
Quit the server with CONTROL-C.

WARNING: This is a development server. Do not use it in a production setting. Use a production WSGI or ASGI server instead.
For more information on production servers see: https://docs.djangoproject.com/en/6.0/howto/deployment/
Watching for file changes with StatReloader
[19/Apr/2026 09:57:59] "GET /rebalance/ HTTP/1.1" 200 61641
[19/Apr/2026 09:58:27] "POST /api/advisor/recommend/ HTTP/1.1" 200 2665
[19/Apr/2026 09:58:33] "POST /api/advisor/recommend/ HTTP/1.1" 200 2527
[19/Apr/2026 09:58:35] "POST /api/advisor/recommend/ HTTP/1.1" 200 2519
[19/Apr/2026 09:59:19] "POST /api/advisor/recommend/ HTTP/1.1" 200 2290
[19/Apr/2026 09:59:20] "POST /api/advisor/recommend/ HTTP/1.1" 200 2708
[19/Apr/2026 09:59:27] "POST /api/advisor/recommend/ HTTP/1.1" 200 2690
[19/Apr/2026 10:11:50] "GET / HTTP/1.1" 200 24148
[19/Apr/2026 10:11:51] "GET /holdings/ HTTP/1.1" 200 70374
[19/Apr/2026 10:11:54] "GET /holdings/ HTTP/1.1" 200 70374
[19/Apr/2026 10:12:49] "GET /holdings/ HTTP/1.1" 200 70374
[19/Apr/2026 10:12:50] "GET /holdings/ HTTP/1.1" 200 70374
[19/Apr/2026 10:12:51] "GET /holdings/ HTTP/1.1" 200 70374
[19/Apr/2026 10:12:52] "GET / HTTP/1.1" 200 24148
[19/Apr/2026 10:12:53] "GET / HTTP/1.1" 200 24148
[19/Apr/2026 10:12:57] "GET / HTTP/1.1" 200 24148
[19/Apr/2026 10:14:15] "GET / HTTP/1.1" 200 24157
[19/Apr/2026 10:14:15] "GET /static/assets/css/style.css?v=2026.1 HTTP/1.1" 200 25621
[19/Apr/2026 10:14:17] "GET /holdings/ HTTP/1.1" 200 70383
[19/Apr/2026 10:14:18] "GET /upload/ HTTP/1.1" 200 28709
[19/Apr/2026 10:14:19] "GET /rebalance/ HTTP/1.1" 200 61650
[19/Apr/2026 10:14:26] "GET /assets/ HTTP/1.1" 200 29094
[19/Apr/2026 10:14:26] "GET /cashflow/ HTTP/1.1" 200 12377
[19/Apr/2026 10:14:27] "GET /history/ HTTP/1.1" 200 30697
[19/Apr/2026 10:14:27] "GET /api/performance/?start_date=2025-12-31&end_date=2026-04-19 HTTP/1.1" 200 232
[19/Apr/2026 10:14:28] "GET /advisor/ HTTP/1.1" 200 36272
[19/Apr/2026 10:14:29] "GET /checklist/ HTTP/1.1" 200 22012
[19/Apr/2026 10:14:29] "GET /settings/ HTTP/1.1" 200 41855
[19/Apr/2026 10:14:30] "GET /rebalance/ HTTP/1.1" 200 61650
[19/Apr/2026 10:14:32] "GET / HTTP/1.1" 200 24157
[19/Apr/2026 10:14:33] "GET /rebalance/ HTTP/1.1" 200 61650
[19/Apr/2026 10:14:33] "GET /static/assets/css/style.css?v=2026.1 HTTP/1.1" 304 0
[19/Apr/2026 10:15:38] "GET /rebalance/ HTTP/1.1" 200 61650
[19/Apr/2026 10:15:38] "GET /static/assets/css/style.css?v=2026.1 HTTP/1.1" 200 25607
[19/Apr/2026 10:15:40] "GET /rebalance/ HTTP/1.1" 200 61650
[19/Apr/2026 10:15:40] "GET /static/assets/css/style.css?v=2026.1 HTTP/1.1" 304 0
[19/Apr/2026 10:15:41] "GET /assets/ HTTP/1.1" 200 29094
[19/Apr/2026 10:15:41] "GET /static/assets/css/style.css?v=2026.1 HTTP/1.1" 304 0
[19/Apr/2026 10:15:44] "GET /cashflow/ HTTP/1.1" 200 12377
[19/Apr/2026 10:15:44] "GET /static/assets/css/style.css?v=2026.1 HTTP/1.1" 304 0
[19/Apr/2026 10:15:46] "GET /history/ HTTP/1.1" 200 30697
[19/Apr/2026 10:15:46] "GET /static/assets/css/style.css?v=2026.1 HTTP/1.1" 304 0
[19/Apr/2026 10:15:46] "GET /api/performance/?start_date=2025-12-31&end_date=2026-04-19 HTTP/1.1" 200 232
[19/Apr/2026 10:15:47] "GET /advisor/ HTTP/1.1" 200 36272
[19/Apr/2026 10:15:47] "GET /static/assets/css/style.css?v=2026.1 HTTP/1.1" 304 0
[19/Apr/2026 10:15:48] "GET /checklist/ HTTP/1.1" 200 22012
[19/Apr/2026 10:15:48] "GET /static/assets/css/style.css?v=2026.2 HTTP/1.1" 200 25607
[19/Apr/2026 10:15:49] "GET /settings/ HTTP/1.1" 200 41855
[19/Apr/2026 10:15:49] "GET /static/assets/css/style.css?v=2026.2 HTTP/1.1" 304 0
[19/Apr/2026 10:15:56] "GET /holdings/ HTTP/1.1" 200 70383
[19/Apr/2026 10:15:56] "GET /static/assets/css/style.css?v=2026.2 HTTP/1.1" 304 0
[19/Apr/2026 10:15:57] "GET /rebalance/ HTTP/1.1" 200 61650
[19/Apr/2026 10:15:58] "GET /rebalance/ HTTP/1.1" 200 61650
[19/Apr/2026 10:15:58] "GET /static/assets/css/style.css?v=2026.2 HTTP/1.1" 304 0
[19/Apr/2026 10:15:59] "GET /holdings/ HTTP/1.1" 200 70383
[19/Apr/2026 10:16:01] "GET /holdings/ HTTP/1.1" 200 70383
[19/Apr/2026 10:16:01] "GET /static/assets/css/style.css?v=2026.2 HTTP/1.1" 304 0
[19/Apr/2026 10:19:08] "GET /rebalance/ HTTP/1.1" 200 61650
[19/Apr/2026 10:19:08] "GET /static/assets/css/style.css?v=2026.2 HTTP/1.1" 304 0
[19/Apr/2026 10:19:39] "POST /api/advisor/recommend/ HTTP/1.1" 200 2719
/Users/ming/code/personal/bigbill/assets/views.py changed, reloading.
Performing system checks...

System check identified no issues (0 silenced).
April 19, 2026 - 09:52:57
Django version 6.0.4, using settings 'bigbill_project.settings'
Starting development server at http://127.0.0.1:8000/
Quit the server with CONTROL-C.

WARNING: This is a development server. Do not use it in a production setting. Use a production WSGI or ASGI server instead.
For more information on production servers see: https://docs.djangoproject.com/en/6.0/howto/deployment/
Watching for file changes with StatReloader
/Users/ming/code/personal/bigbill/assets/services/advisor.py changed, reloading.
Performing system checks...

System check identified no issues (0 silenced).
April 19, 2026 - 10:23:04
Django version 6.0.4, using settings 'bigbill_project.settings'
Starting development server at http://127.0.0.1:8000/
Quit the server with CONTROL-C.

WARNING: This is a development server. Do not use it in a production setting. Use a production WSGI or ASGI server instead.
For more information on production servers see: https://docs.djangoproject.com/en/6.0/howto/deployment/
Watching for file changes with StatReloader
[19/Apr/2026 10:25:42] "GET /rebalance/ HTTP/1.1" 200 64483
[19/Apr/2026 10:25:42] "GET /static/assets/css/style.css?v=2026.2 HTTP/1.1" 304 0
[19/Apr/2026 10:26:15] "POST /api/advisor/recommend/ HTTP/1.1" 200 5683
[19/Apr/2026 10:27:33] "POST /api/advisor/recommend/ HTTP/1.1" 200 5357
/Users/ming/code/personal/bigbill/assets/services/advisor.py changed, reloading.
Performing system checks...

System check identified no issues (0 silenced).
April 19, 2026 - 10:23:40
Django version 6.0.4, using settings 'bigbill_project.settings'
Starting development server at http://127.0.0.1:8000/
Quit the server with CONTROL-C.

WARNING: This is a development server. Do not use it in a production setting. Use a production WSGI or ASGI server instead.
For more information on production servers see: https://docs.djangoproject.com/en/6.0/howto/deployment/
Watching for file changes with StatReloader
/Users/ming/code/personal/bigbill/assets/services/advisor.py changed, reloading.
Performing system checks...

System check identified no issues (0 silenced).
April 19, 2026 - 10:28:11
Django version 6.0.4, using settings 'bigbill_project.settings'
Starting development server at http://127.0.0.1:8000/
Quit the server with CONTROL-C.

WARNING: This is a development server. Do not use it in a production setting. Use a production WSGI or ASGI server instead.
For more information on production servers see: https://docs.djangoproject.com/en/6.0/howto/deployment/
Watching for file changes with StatReloader
[19/Apr/2026 10:29:24] "GET /rebalance/ HTTP/1.1" 200 64483
[19/Apr/2026 10:29:24] "GET /static/assets/css/style.css?v=2026.2 HTTP/1.1" 304 0
[19/Apr/2026 10:29:58] "POST /api/advisor/recommend/ HTTP/1.1" 200 4339
[19/Apr/2026 10:30:03] "POST /api/advisor/recommend/ HTTP/1.1" 200 5248
[19/Apr/2026 10:30:07] "POST /api/advisor/recommend/ HTTP/1.1" 200 4644
[19/Apr/2026 10:30:12] "POST /api/advisor/recommend/ HTTP/1.1" 200 5684
Not Found: /apple-touch-icon-precomposed.png
Not Found: /favicon.ico
Not Found: /apple-touch-icon.png
[19/Apr/2026 17:20:55] "GET /apple-touch-icon-precomposed.png HTTP/1.1" 404 12402
[19/Apr/2026 17:20:55] "GET /favicon.ico HTTP/1.1" 404 12339
[19/Apr/2026 17:20:55] "GET /apple-touch-icon.png HTTP/1.1" 404 12366
[19/Apr/2026 17:20:55] "GET / HTTP/1.1" 200 24157
[21/Apr/2026 22:36:17] "GET / HTTP/1.1" 200 24157
[21/Apr/2026 22:36:17] "GET /static/assets/js/app.js HTTP/1.1" 304 0
[21/Apr/2026 22:36:17] "GET /static/assets/css/style.css?v=2026.2 HTTP/1.1" 200 25607
Not Found: /apple-touch-icon-precomposed.png
Not Found: /apple-touch-icon.png
Not Found: /favicon.ico
[21/Apr/2026 22:36:21] "GET /apple-touch-icon-precomposed.png HTTP/1.1" 404 12402
[21/Apr/2026 22:36:21] "GET /favicon.ico HTTP/1.1" 404 12339
[21/Apr/2026 22:36:21] "GET /apple-touch-icon.png HTTP/1.1" 404 12366
[21/Apr/2026 22:36:24] "GET /upload/ HTTP/1.1" 200 28709
[21/Apr/2026 22:37:31] "POST /api/upload/ HTTP/1.1" 200 6408
[21/Apr/2026 22:37:40] "POST /api/upload/ HTTP/1.1" 200 6690
[21/Apr/2026 22:37:45] "POST /api/upload/ HTTP/1.1" 200 5834
[21/Apr/2026 22:37:52] "POST /api/upload/ HTTP/1.1" 200 6310
[21/Apr/2026 22:38:02] "POST /api/upload/ HTTP/1.1" 200 6986
[21/Apr/2026 22:38:07] "POST /api/upload/ HTTP/1.1" 200 5914
[21/Apr/2026 22:38:17] "POST /api/upload/ HTTP/1.1" 200 6553
[21/Apr/2026 22:38:27] "POST /api/upload/ HTTP/1.1" 200 6713
[21/Apr/2026 22:38:40] "POST /api/upload/confirm/ HTTP/1.1" 200 45
[2026-04-21 22:38:53,121] INFO assets.services.ledger: Auto buy tx #4: 华泰柏瑞沪深300ETF联接A qty=0.0000 amount=2502.76
[21/Apr/2026 22:38:53] "POST /api/upload/confirm/ HTTP/1.1" 200 45
[21/Apr/2026 22:38:57] "POST /api/upload/confirm/ HTTP/1.1" 200 45
[21/Apr/2026 22:39:05] "POST /api/upload/confirm/ HTTP/1.1" 200 45
[21/Apr/2026 22:39:09] "POST /api/upload/confirm/ HTTP/1.1" 200 45
[21/Apr/2026 22:39:14] "POST /api/upload/confirm/ HTTP/1.1" 200 45
[2026-04-21 22:39:18,647] INFO assets.services.ledger: Auto buy tx #5: 黄金ETF华安 qty=1000.0000 amount=10063.00
[2026-04-21 22:39:18,652] INFO assets.services.ledger: Auto buy tx #6: 沪深300ETF华... qty=2200.0000 amount=10155.20
[21/Apr/2026 22:39:18] "POST /api/upload/confirm/ HTTP/1.1" 200 45
[21/Apr/2026 22:39:25] "POST /api/upload/confirm/ HTTP/1.1" 200 45
[21/Apr/2026 22:39:29] "GET /cashflow/ HTTP/1.1" 200 14865
[21/Apr/2026 22:39:59] "GET /history/ HTTP/1.1" 200 34295
[21/Apr/2026 22:39:59] "GET /api/performance/?start_date=2025-12-31&end_date=2026-04-21 HTTP/1.1" 200 232
[21/Apr/2026 22:40:00] "GET /cashflow/ HTTP/1.1" 200 14865
[21/Apr/2026 22:40:01] "GET /assets/ HTTP/1.1" 200 29762
[21/Apr/2026 22:40:05] "GET /holdings/ HTTP/1.1" 200 71586
[21/Apr/2026 22:40:07] "GET /cashflow/ HTTP/1.1" 200 14865
[21/Apr/2026 22:40:57] "GET /holdings/ HTTP/1.1" 200 71586
[21/Apr/2026 22:40:58] "GET / HTTP/1.1" 200 25818
[21/Apr/2026 22:40:59] "GET /holdings/ HTTP/1.1" 200 71586
[21/Apr/2026 22:44:04] "GET /history/ HTTP/1.1" 200 34295
[21/Apr/2026 22:44:04] "GET /api/performance/?start_date=2025-12-31&end_date=2026-04-21 HTTP/1.1" 200 232
[21/Apr/2026 22:44:05] "GET / HTTP/1.1" 200 25818
[21/Apr/2026 22:44:08] "POST /api/snapshot/create/ HTTP/1.1" 200 53
[21/Apr/2026 22:44:11] "GET /history/ HTTP/1.1" 200 37128
[21/Apr/2026 22:44:11] "GET /api/performance/?start_date=2025-12-31&end_date=2026-04-21 HTTP/1.1" 200 266
[21/Apr/2026 22:44:21] "GET / HTTP/1.1" 200 25818
[21/Apr/2026 22:44:53] "GET /settings/ HTTP/1.1" 200 41855
[21/Apr/2026 22:45:06] "GET /upload/ HTTP/1.1" 200 28709
[21/Apr/2026 22:45:06] "GET /holdings/ HTTP/1.1" 200 71586
[21/Apr/2026 22:45:12] "GET /advisor/ HTTP/1.1" 200 36272
[21/Apr/2026 22:54:23] "GET /history/ HTTP/1.1" 200 37128
[21/Apr/2026 22:54:23] "GET /api/performance/?start_date=2025-12-31&end_date=2026-04-21 HTTP/1.1" 200 266
[21/Apr/2026 22:54:24] "GET /advisor/ HTTP/1.1" 200 36272
[21/Apr/2026 22:55:39,811] - Broken pipe from ('127.0.0.1', 54009)
[21/Apr/2026 22:58:37] "GET /advisor/history/ HTTP/1.1" 200 10347
[21/Apr/2026 22:58:39] "GET /advisor/ HTTP/1.1" 200 36272
[21/Apr/2026 22:58:51] "GET /settings/ HTTP/1.1" 200 41855
[21/Apr/2026 22:59:00] "GET /advisor/ HTTP/1.1" 200 36272
[21/Apr/2026 22:59:04] "GET /holdings/ HTTP/1.1" 200 71586
[21/Apr/2026 22:59:05] "GET /assets/25/ HTTP/1.1" 200 31722
[21/Apr/2026 22:59:32,946] - Broken pipe from ('127.0.0.1', 54544)
[21/Apr/2026 23:01:12] "POST /api/asset/evaluate/ HTTP/1.1" 200 454
[21/Apr/2026 23:01:40,160] - Broken pipe from ('127.0.0.1', 54851)
[21/Apr/2026 23:03:32] "GET / HTTP/1.1" 200 25818
[21/Apr/2026 23:03:34] "GET /assets/ HTTP/1.1" 200 29762
[21/Apr/2026 23:03:35] "GET /cashflow/ HTTP/1.1" 200 16019
[21/Apr/2026 23:03:39] "GET /history/ HTTP/1.1" 200 37128
[21/Apr/2026 23:03:39] "GET /api/performance/?start_date=2025-12-31&end_date=2026-04-21 HTTP/1.1" 200 266
[21/Apr/2026 23:03:42] "GET /api/performance/?start_date=2026-01-21&end_date=2026-04-21 HTTP/1.1" 200 266
[21/Apr/2026 23:03:43] "GET /api/performance/?start_date=2026-03-21&end_date=2026-04-21 HTTP/1.1" 200 266
[21/Apr/2026 23:03:43] "GET /api/performance/?start_date=2026-01-21&end_date=2026-04-21 HTTP/1.1" 200 266
[21/Apr/2026 23:03:44] "GET /api/performance/?start_date=2025-12-31&end_date=2026-04-21 HTTP/1.1" 200 266
[21/Apr/2026 23:03:45] "GET /api/performance/?start_date=2026-01-21&end_date=2026-04-21 HTTP/1.1" 200 266
[21/Apr/2026 23:03:45] "GET /api/performance/?start_date=2026-03-21&end_date=2026-04-21 HTTP/1.1" 200 266
[21/Apr/2026 23:03:46] "GET /api/performance/?start_date=2025-04-21&end_date=2026-04-21 HTTP/1.1" 200 266
[21/Apr/2026 23:03:46] "GET /api/performance/?start_date=1999-12-31&end_date=2026-04-21 HTTP/1.1" 200 266
[21/Apr/2026 23:03:47] "GET /api/performance/?start_date=2025-12-31&end_date=2026-04-21 HTTP/1.1" 200 266
[21/Apr/2026 23:03:47] "GET /api/performance/?start_date=2026-01-21&end_date=2026-04-21 HTTP/1.1" 200 266
[21/Apr/2026 23:03:47] "GET /api/performance/?start_date=2026-01-21&end_date=2026-04-21 HTTP/1.1" 200 266
[21/Apr/2026 23:03:48] "GET /api/performance/?start_date=2026-03-21&end_date=2026-04-21 HTTP/1.1" 200 266
[22/Apr/2026 01:05:45,715] - Broken pipe from ('127.0.0.1', 54947)
[27/Apr/2026 23:38:38] "GET / HTTP/1.1" 200 30298
[27/Apr/2026 23:38:38] "GET /static/assets/js/app.js HTTP/1.1" 304 0
[27/Apr/2026 23:38:38] "GET /static/assets/css/style.css?v=2026.2 HTTP/1.1" 304 0
Not Found: /favicon.ico
Not Found: /apple-touch-icon-precomposed.png
[27/Apr/2026 23:38:39] "GET /apple-touch-icon-precomposed.png HTTP/1.1" 404 12402
Not Found: /apple-touch-icon-precomposed.png
[27/Apr/2026 23:38:39] "GET /favicon.ico HTTP/1.1" 404 12339
Not Found: /apple-touch-icon.png
[27/Apr/2026 23:38:39] "GET /apple-touch-icon-precomposed.png HTTP/1.1" 404 12402
Not Found: /favicon.ico
[27/Apr/2026 23:38:39] "GET /apple-touch-icon.png HTTP/1.1" 404 12366
[27/Apr/2026 23:38:39] "GET /favicon.ico HTTP/1.1" 404 12339
Not Found: /apple-touch-icon.png
[27/Apr/2026 23:38:39] "GET /apple-touch-icon.png HTTP/1.1" 404 12366
Not Found: /favicon.ico
[27/Apr/2026 23:38:39] "GET /favicon.ico HTTP/1.1" 404 12339
[27/Apr/2026 23:38:43] "POST /api/alert/dismiss/ HTTP/1.1" 200 17
[27/Apr/2026 23:38:43] "POST /api/alert/dismiss/ HTTP/1.1" 200 17
[27/Apr/2026 23:38:44] "POST /api/alert/dismiss/ HTTP/1.1" 200 17
[27/Apr/2026 23:38:44] "POST /api/alert/dismiss/ HTTP/1.1" 200 17
[27/Apr/2026 23:38:44] "POST /api/alert/dismiss/ HTTP/1.1" 200 17
[27/Apr/2026 23:38:47] "GET /upload/ HTTP/1.1" 200 28709
[27/Apr/2026 23:39:37] "POST /api/upload/ HTTP/1.1" 200 6863
[27/Apr/2026 23:39:45] "POST /api/upload/ HTTP/1.1" 200 6548
[27/Apr/2026 23:39:55] "POST /api/upload/ HTTP/1.1" 200 6843
[27/Apr/2026 23:39:59] "POST /api/upload/ HTTP/1.1" 200 5983
[27/Apr/2026 23:40:05] "POST /api/upload/ HTTP/1.1" 200 6234
[27/Apr/2026 23:40:14] "POST /api/upload/ HTTP/1.1" 200 6840
[27/Apr/2026 23:40:19] "POST /api/upload/ HTTP/1.1" 200 6065
[27/Apr/2026 23:40:31] "POST /api/upload/ HTTP/1.1" 200 6914
[27/Apr/2026 23:40:40] "POST /api/upload/confirm/ HTTP/1.1" 200 45
[2026-04-27 23:40:51,119] INFO assets.services.ledger: Auto buy tx #7: 招银理财日日金100号A qty=0.0000 amount=0.00
[27/Apr/2026 23:40:51] "POST /api/upload/confirm/ HTTP/1.1" 200 45
[27/Apr/2026 23:40:54] "POST /api/upload/confirm/ HTTP/1.1" 200 45
[27/Apr/2026 23:40:56] "POST /api/upload/confirm/ HTTP/1.1" 200 45
[27/Apr/2026 23:40:59] "POST /api/upload/confirm/ HTTP/1.1" 200 45
[27/Apr/2026 23:41:02] "POST /api/upload/confirm/ HTTP/1.1" 200 45
[27/Apr/2026 23:41:05] "POST /api/upload/confirm/ HTTP/1.1" 200 45
[2026-04-27 23:41:09,117] INFO assets.services.ledger: Auto buy tx #8: 中证A500ETF... qty=15900.0000 amount=20097.60
[2026-04-27 23:41:09,120] INFO assets.services.ledger: Auto buy tx #9: 沪深300ETF华... qty=4300.0000 amount=20085.30
[2026-04-27 23:41:09,121] INFO assets.services.ledger: Auto buy tx #10: 黄金ETF华安 qty=4800.0000 amount=47846.40
[2026-04-27 23:41:09,124] INFO assets.services.ledger: Auto buy tx #11: 福耀玻璃 qty=200.0000 amount=11710.20
[27/Apr/2026 23:41:09] "POST /api/upload/confirm/ HTTP/1.1" 200 45
[27/Apr/2026 23:41:11] "GET / HTTP/1.1" 200 26333
[27/Apr/2026 23:41:14] "GET /holdings/ HTTP/1.1" 200 73903
